rollout/ep_rew_mean,time/total_timesteps,time/fps,time/episodes,rollout/ep_len_mean,time/time_elapsed,lilac/cp_kl,lilac/cp_flag,lilac/s_uncert,plugin/constraint/s_env,lilac/risk,lilac/cp_delta,plugin/constraint/unsafe,lilac/s_env,plugin/constraint/risk,lilac/cp_cooldown,plugin/constraint/s_uncert,lilac/loss,lilac/dec_loss,lilac/beta,lilac/kl
2.869841,4,1,1,4.0,2,,,,,,,,,,,,,,,
1.4349205,5,1,2,2.5,3,,,,,,,,,,,,,,,
1.2751323333333333,7,1,3,2.3333333333333335,3,,,,,,,,,,,,,,,
1.1944445000000001,9,2,4,2.25,4,,,,,,,,,,,,,,,
0.9555556000000001,10,2,5,2.0,4,0.008149206638336182,0.0,0.7396222949028015,0.0,0.509244225174575,0.03998778760433197,0.0,0.0,0.509244225174575,0.0,0.7396222949028015,,,,
1.1153440000000001,13,2,6,2.1666666666666665,5,45.169551849365234,1.0,0.8331003785133362,0.0,0.5104122492152569,0.0026257920544594526,1.0,0.0,0.5104122492152569,2.0,0.8331003785133362,,,,
0.9560091428571429,14,2,7,2.0,5,33.25532913208008,1.0,0.9304823279380798,0.0,0.5116289316127414,0.0030473924707621336,1.0,0.0,0.5116289316127414,2.0,0.9304823279380798,,,,
0.9563492499999999,16,2,8,2.0,6,24.827625274658203,1.0,1.0293829441070557,0.0,0.5128644470216546,0.003452048636972904,1.0,0.0,0.5128644470216546,2.0,1.0293829441070557,,,,
0.9566137777777777,18,2,9,2.0,6,18.677024841308594,1.0,1.1266937255859375,0.0,0.5140799480934903,0.004402264952659607,1.0,0.0,0.5140799480934903,2.0,1.1266937255859375,,,,
0.9565079999999998,20,2,10,2.0,7,14.309351921081543,1.0,1.219466209411621,0.0,0.5152386068061496,0.0037695285864174366,1.0,0.0,0.5152386068061496,2.0,1.219466209411621,,,,
0.9564214545454544,22,2,11,2.0,8,11.17363166809082,1.0,1.3049389123916626,0.0,0.5163059520560774,0.0041087036952376366,1.0,0.0,0.5163059520560774,2.0,1.3049389123916626,,,,
0.9563493333333332,24,2,12,2.0,8,8.942445755004883,1.0,1.3811781406402588,0.0,0.5172578685477636,0.003708076663315296,1.0,0.0,0.5172578685477636,2.0,1.3811781406402588,,,,
0.9565324615384613,26,2,13,2.0,8,7.345273971557617,1.0,1.4470866918563843,0.0,0.5180806964069445,0.004084958229213953,1.0,0.0,0.5180806964069445,2.0,1.4470866918563843,,,,
1.0253969285714284,29,3,14,2.0714285714285716,9,6.200041770935059,1.0,1.5024710893630981,0.0,0.5187720610276831,0.004187938291579485,1.0,0.0,0.5187720610276831,2.0,1.5024710893630981,,,,
1.0207408666666664,31,3,15,2.066666666666667,9,5.355155944824219,1.0,1.54755437374115,0.0,0.5193347836867982,0.003848123596981168,1.0,0.0,0.5193347836867982,2.0,1.54755437374115,,,,
1.196031875,36,3,16,2.25,10,4.736163139343262,1.0,1.583140254020691,0.0,0.519778926633244,0.008890306577086449,1.0,0.0,0.519778926633244,2.0,1.583140254020691,,,,
1.2944912352941178,40,3,17,2.3529411764705883,10,4.340273380279541,1.0,1.6117290258407593,0.0,0.5201357169279299,0.004465511068701744,1.0,0.0,0.5201357169279299,2.0,1.6117290258407593,,,,
1.382010666666667,44,3,18,2.4444444444444446,11,4.004478931427002,1.0,1.633432149887085,0.0,0.5204065600604696,0.004269860684871674,1.0,0.0,0.5204065600604696,2.0,1.633432149887085,,,,
1.6626567368421055,52,4,19,2.736842105263158,12,3.878633975982666,0.0,0.5225133895874023,0.0,0.5065310458932908,0.006891756318509579,0.0,0.0,0.5065310458932908,1.0,0.5225133895874023,,,,
1.9147620000000003,60,4,20,3.0,12,103.15803527832031,1.0,0.5980337262153625,0.0,0.5074748646395303,0.001838513184338808,1.0,0.0,0.5074748646395303,2.0,0.5980337262153625,,,,
1.8235828571428574,61,4,21,2.9047619047619047,13,74.96536254882812,1.0,0.6809830069541931,0.0,0.5085114652926777,0.000861506792716682,1.0,0.0,0.5085114652926777,2.0,0.6809830069541931,,,,
1.7406927272727275,62,4,22,2.8181818181818183,13,54.98912811279297,1.0,0.7706339955329895,0.0,0.5096317332939588,0.0009256116463802755,1.0,0.0,0.5096317332939588,2.0,0.7706339955329895,,,,
1.7897861304347829,66,4,23,2.869565217391304,13,40.773231506347656,1.0,0.8657325506210327,0.0,0.5108199674588045,0.0014037435175850987,1.0,0.0,0.5108199674588045,2.0,0.8657325506210327,,,,
1.7152117083333334,67,4,24,2.7916666666666665,13,30.094221115112305,1.0,0.9639345407485962,0.0,0.5120468498560828,0.0015888874186202884,1.0,0.0,0.5120468498560828,2.0,0.9639345407485962,,,,
1.6466032400000001,68,4,25,2.72,14,22.482513427734375,1.0,1.0625816583633423,0.0,0.5132791472896665,0.0015398272080346942,1.0,0.0,0.5132791472896665,2.0,1.0625816583633423,,,,
1.6200245,70,4,26,2.6923076923076925,14,17.017623901367188,1.0,1.1586297750473022,0.0,0.5144788231011308,0.0013705866876989603,1.0,0.0,0.5144788231011308,2.0,1.1586297750473022,,,,
1.7019401111111112,75,4,27,2.7777777777777777,17,13.148521423339844,1.0,1.2492550611495972,0.0,0.5156106130695493,0.006312258075922728,1.0,0.0,0.5156106130695493,2.0,1.2492550611495972,,,,
1.675170142857143,77,3,28,2.75,19,10.358579635620117,1.0,1.331899881362915,0.0,0.5166425982927335,0.0027546891942620277,1.0,0.0,0.5166425982927335,2.0,1.331899881362915,,,,
1.6503558620689658,79,3,29,2.7241379310344827,20,8.310831069946289,1.0,1.4044244289398193,0.0,0.5175480951203764,0.0021057988051325083,1.0,0.0,0.5175480951203764,2.0,1.4044244289398193,,,,
1.6270900333333338,81,3,30,2.7,22,6.872776031494141,1.0,1.4662256240844727,0.0,0.5183196160707816,0.003097074804827571,1.0,0.0,0.5183196160707816,2.0,1.4662256240844727,,,,
1.6671787741935489,85,3,31,2.7419354838709675,24,5.9136528968811035,1.0,1.5184270143508911,0.0,0.5189712259610771,0.005882378201931715,1.0,0.0,0.5189712259610771,2.0,1.5184270143508911,,,,
1.64484134375,87,3,32,2.71875,26,5.120562553405762,1.0,1.5600597858428955,0.0,0.5194908656987118,0.004620956256985664,1.0,0.0,0.5194908656987118,2.0,1.5600597858428955,,,,
1.6239539090909092,89,3,33,2.696969696969697,27,4.568192958831787,1.0,1.5927131175994873,0.0,0.5198983990465927,0.0032676002010703087,1.0,0.0,0.5198983990465927,2.0,1.5927131175994873,,,,
1.5761905588235294,90,3,34,2.6470588235294117,28,4.214020729064941,1.0,1.618735432624817,0.0,0.5202231543586928,0.004356751684099436,1.0,0.0,0.5202231543586928,2.0,1.618735432624817,,,,
1.5583674285714286,92,3,35,2.6285714285714286,30,3.9491982460021973,0.0,0.5183607935905457,0.0,0.5064791472294977,0.005408142693340778,0.0,0.0,0.5064791472294977,1.0,0.5183607935905457,,,,
1.59479725,96,2,36,2.6666666666666665,33,104.58338928222656,1.0,0.5934012532234192,0.0,0.5074169715688038,0.000717407965566963,1.0,0.0,0.5074169715688038,2.0,0.5934012532234192,,,,
1.5774346486486488,98,2,37,2.6486486486486487,34,76.21906280517578,1.0,0.6759092807769775,0.0,0.5084480619572145,0.0004800042661372572,1.0,0.0,0.5084480619572145,2.0,0.6759092807769775,,,,
1.560985868421053,100,2,38,2.6315789473684212,36,55.967567443847656,1.0,0.7651956677436829,0.0,0.509563779244799,0.00045450078323483467,1.0,0.0,0.509563779244799,2.0,0.7651956677436829,,,,
1.5454620256410259,102,2,39,2.6153846153846154,37,41.32093048095703,1.0,0.8599251508712769,0.0,0.5107474087285847,0.0008750762790441513,1.0,0.0,0.5107474087285847,2.0,0.8599251508712769,,,,
1.5068254749999999,103,2,40,2.575,38,30.6270809173584,1.0,0.9580076336860657,0.0,0.5119728062615965,0.0013000270118936896,1.0,0.0,0.5119728062615965,2.0,0.9580076336860657,,,,
1.49330243902439,105,2,41,2.5609756097560976,39,22.82241439819336,1.0,1.0566387176513672,0.0,0.5132049126360397,0.0009522273321636021,1.0,0.0,0.5132049126360397,2.0,1.0566387176513672,,,,
1.4577476190476188,106,2,42,2.5238095238095237,40,17.335693359375,1.0,1.1530368328094482,0.0,0.5144089696649701,0.0017598511185497046,1.0,0.0,0.5144089696649701,2.0,1.1530368328094482,,,,
1.4459949069767442,108,2,43,2.511627906976744,42,13.303365707397461,1.0,1.243891716003418,0.0,0.5155436363252532,0.0028372863307595253,1.0,0.0,0.5155436363252532,2.0,1.243891716003418,,,,
1.4131313863636363,109,2,44,2.477272727272727,42,10.482796669006348,1.0,1.3269712924957275,0.0,0.5165810589348789,0.0022301161661744118,1.0,0.0,0.5165810589348789,2.0,1.3269712924957275,,,,
1.445502711111111,113,2,45,2.511111111111111,45,8.441343307495117,1.0,1.4003350734710693,0.0,0.5174970409569267,0.0046562678180634975,1.0,0.0,0.5174970409569267,2.0,1.4003350734710693,,,,
1.4348516956521737,115,2,46,2.5,47,6.95272970199585,1.0,1.4628809690475464,0.0,0.5182778638797086,0.0020395051687955856,1.0,0.0,0.5182778638797086,2.0,1.4628809690475464,,,,
1.4246539148936168,117,2,47,2.4893617021276597,48,5.936962127685547,1.0,1.5152541399002075,0.0,0.5189316220083839,0.0026386808604002,1.0,0.0,0.5189316220083839,2.0,1.5152541399002075,,,,
1.4148148958333333,119,2,48,2.4791666666666665,49,5.15470027923584,1.0,1.557410717010498,0.0,0.5194578025712456,0.003925832454115152,1.0,0.0,0.5194578025712456,2.0,1.557410717010498,,,,
1.405377469387755,121,2,49,2.4693877551020407,50,4.620121002197266,1.0,1.591035008430481,0.0,0.5198774558690806,0.0022149200085550547,1.0,0.0,0.5198774558690806,2.0,1.591035008430481,,,,
1.37726992,122,2,50,2.44,51,4.232510566711426,1.0,1.6174359321594238,0.0,0.5202069371547949,0.0032576078083366156,1.0,0.0,0.5202069371547949,2.0,1.6174359321594238,,,,
1.3502646274509804,123,2,51,2.411764705882353,51,3.9348981380462646,0.0,0.5178409814834595,0.0,0.5064726506681343,0.0020896673668175936,0.0,0.0,0.5064726506681343,1.0,0.5178409814834595,,,,
1.37948725,127,2,52,2.4423076923076925,52,104.43766784667969,1.0,0.5927929282188416,0.0,0.5074093691777746,0.0007834959542378783,1.0,0.0,0.5074093691777746,2.0,0.5927929282188416,,,,
1.353459188679245,128,2,53,2.4150943396226414,53,76.50436401367188,1.0,0.6752631664276123,0.0,0.5084399878312955,0.0004401675541885197,1.0,0.0,0.5084399878312955,2.0,0.6752631664276123,,,,
1.3993533888888887,133,2,54,2.462962962962963,54,56.133819580078125,1.0,0.7645009756088257,0.0,0.5095550987672617,0.0022343257442116737,1.0,0.0,0.5095550987672617,2.0,0.7645009756088257,,,,
1.3912843454545452,135,2,55,2.4545454545454546,55,41.31671905517578,1.0,0.8591440320014954,0.0,0.5107376492498439,0.000775519001763314,1.0,0.0,0.5107376492498439,2.0,0.8591440320014954,,,,
1.383503482142857,137,2,56,2.4464285714285716,56,30.724796295166016,1.0,0.9572343230247498,0.0,0.5119631454164891,0.0005376551998779178,1.0,0.0,0.5119631454164891,2.0,0.9572343230247498,,,,
1.3759399298245614,139,2,57,2.43859649122807,56,22.9565372467041,1.0,1.056016206741333,0.0,0.5131971366738215,0.0008933921926654875,1.0,0.0,0.5131971366738215,2.0,1.056016206741333,,,,
1.3522168275862068,140,2,58,2.413793103448276,57,17.365245819091797,1.0,1.1524395942687988,0.0,0.5144015103798887,0.0013586521381512284,1.0,0.0,0.5144015103798887,2.0,1.1524395942687988,,,,
1.3454399491525424,142,2,59,2.406779661016949,57,13.330156326293945,1.0,1.2433605194091797,0.0,0.5155370027820649,0.002579382387921214,1.0,0.0,0.5155370027820649,2.0,1.2433605194091797,,,,
1.3389418833333333,144,2,60,2.4,58,10.489139556884766,1.0,1.326438546180725,0.0,0.5165744069264414,0.0009369943873025477,1.0,0.0,0.5165744069264414,2.0,1.326438546180725,,,,
1.3326048196721312,146,2,61,2.3934426229508197,59,8.433428764343262,1.0,1.3997244834899902,0.0,0.5174894179245894,0.0025776925031095743,1.0,0.0,0.5174894179245894,2.0,1.3997244834899902,,,,
1.311111193548387,147,2,62,2.370967741935484,59,6.981410026550293,1.0,1.4625561237335205,0.0,0.5182738087383008,0.0025678067468106747,1.0,0.0,0.5182738087383008,2.0,1.4625561237335205,,,,
1.2902999047619048,148,2,63,2.3492063492063493,59,5.9102325439453125,1.0,1.5145549774169922,0.0,0.5189228950007814,0.003619296243414283,1.0,0.0,0.5189228950007814,2.0,1.5145549774169922,,,,
1.285019921875,150,2,64,2.34375,60,5.162191867828369,1.0,1.556808590888977,0.0,0.5194502873887553,0.0027521054726094007,1.0,0.0,0.5194502873887553,2.0,1.556808590888977,,,,
1.2652503846153846,151,2,65,2.3230769230769233,61,4.632813453674316,1.0,1.590662956237793,0.0,0.5198728125650928,0.0036669871769845486,1.0,0.0,0.5198728125650928,2.0,1.590662956237793,,,,
1.2605580454545455,153,2,66,2.3181818181818183,61,4.214402198791504,1.0,1.6166526079177856,0.0,0.5201971615863988,0.004362183157354593,1.0,0.0,0.5201971615863988,2.0,1.6166526079177856,,,,
1.2845771940298507,157,2,67,2.343283582089552,63,3.9704971313476562,0.0,0.5178654193878174,0.0,0.5064729560907447,0.005588873755186796,0.0,0.0,0.5064729560907447,1.0,0.5178654193878174,,,,
1.3078898970588233,161,2,68,2.3676470588235294,64,104.79132080078125,1.0,0.5928503274917603,0.0,0.5074100865111135,0.0004338017606642097,1.0,0.0,0.5074100865111135,2.0,0.5928503274917603,,,,
1.3027375942028985,163,2,69,2.36231884057971,65,76.4518051147461,1.0,0.6753189563751221,0.0,0.5084406850069175,0.000556894694454968,1.0,0.0,0.5084406850069175,2.0,0.6753189563751221,,,,
1.297777857142857,165,2,70,2.357142857142857,65,56.205406188964844,1.0,0.7645979523658752,0.0,0.5095563105339702,0.0006204246310517192,1.0,0.0,0.5095563105339702,2.0,0.7645979523658752,,,,
1.2794992957746478,166,2,71,2.3380281690140845,66,41.408599853515625,1.0,0.8593013286590576,0.0,0.510739614551105,0.0009448709315620363,1.0,0.0,0.510739614551105,2.0,0.8593013286590576,,,,
1.2617284722222224,167,2,72,2.3194444444444446,66,30.58478546142578,1.0,0.9572669863700867,0.0,0.5119635534745641,0.001002275152131915,1.0,0.0,0.5119635534745641,2.0,0.9572669863700867,,,,
1.283800904109589,171,2,73,2.3424657534246576,67,23.12771224975586,1.0,1.0563246011734009,0.0,0.5132009889178716,0.0036424011923372746,1.0,0.0,0.5132009889178716,2.0,1.0563246011734009,,,,
1.3052338783783783,175,2,74,2.364864864864865,70,17.44736671447754,1.0,1.1530104875564575,0.0,0.5144086406227895,0.002178219612687826,1.0,0.0,0.5144086406227895,2.0,1.1530104875564575,,,,
1.3005291733333333,177,2,75,2.36,72,13.331131935119629,1.0,1.2439815998077393,0.0,0.5155447587869117,0.0024773331824690104,1.0,0.0,0.5155447587869117,2.0,1.2439815998077393,,,,
1.2959482763157895,179,2,76,2.3552631578947367,73,10.48469066619873,1.0,1.3270677328109741,0.0,0.5165822631129992,0.0016340939328074455,1.0,0.0,0.5165822631129992,2.0,1.3270677328109741,,,,
1.2914863636363636,181,2,77,2.3506493506493507,75,8.436216354370117,1.0,1.4004133939743042,0.0,0.5174980187642729,0.002215350978076458,1.0,0.0,0.5174980187642729,2.0,1.4004133939743042,,,,
1.287138858974359,183,2,78,2.3461538461538463,77,6.976384162902832,1.0,1.463221549987793,0.0,0.5182821154510691,0.002197347115725279,1.0,0.0,0.5182821154510691,2.0,1.463221549987793,,,,
1.3071730632911391,187,2,79,2.367088607594937,80,5.954257011413574,1.0,1.5158828496932983,0.0,0.5189394696094487,0.005203080363571644,1.0,0.0,0.5189394696094487,2.0,1.5158828496932983,,,,
1.30277785,189,2,80,2.3625,81,5.146945953369141,1.0,1.5578972101211548,0.0,0.5194638745227922,0.0030769931618124247,1.0,0.0,0.5194638745227922,2.0,1.5578972101211548,,,,
1.298451962962963,191,2,81,2.3580246913580245,82,4.6173858642578125,1.0,1.5914784669876099,0.0,0.5198829903377875,0.0022076619789004326,1.0,0.0,0.5198829903377875,2.0,1.5914784669876099,,,,
1.3410206097560975,197,2,82,2.402439024390244,87,4.230360984802246,1.0,1.6178077459335327,0.0,0.5202115772342724,0.006628862582147121,1.0,0.0,0.5202115772342724,2.0,1.6178077459335327,,,,
1.3363382048192771,199,2,83,2.397590361445783,88,3.9377009868621826,0.0,0.5179681181907654,0.0,0.5064742396105892,0.0031344702001661062,0.0,0.0,0.5064742396105892,1.0,0.5179681181907654,,,,
1.3204294166666668,200,2,84,2.380952380952381,89,104.27198028564453,1.0,0.5929241180419922,0.0,0.5074110086903765,0.00040786052704788744,1.0,0.0,0.5074110086903765,2.0,0.5929241180419922,0.01848161779344082,0.0038451063446700573,0.0008,18.295639038085938
1.3161367882352941,202,2,85,2.376470588235294,91,75.67693328857422,1.0,0.6752765774726868,0.0,0.5084401554215923,0.021611347794532776,1.0,0.0,0.5084401554215923,2.0,0.6752765774726868,,,,
1.3008328720930233,203,2,86,2.36046511627907,91,56.03872299194336,1.0,0.7645005583763123,0.0,0.5095550935537599,0.0007804823108017445,1.0,0.0,0.5095550935537599,2.0,0.7645005583763123,,,,
1.318867448275862,207,2,87,2.3793103448275863,94,40.51953887939453,1.0,0.8586867451667786,0.0,0.5107319357992001,0.0020805096719413996,1.0,0.0,0.5107319357992001,2.0,0.8586867451667786,,,,
1.3147028295454546,209,2,88,2.375,96,30.361801147460938,1.0,0.956356942653656,0.0,0.5119521844344954,0.001880425843410194,1.0,0.0,0.5119521844344954,2.0,0.956356942653656,,,,
1.3214040449438202,212,2,89,2.3820224719101124,98,22.595083236694336,1.0,1.0544174909591675,0.0,0.5131771666274583,0.002160032046958804,1.0,0.0,0.5131771666274583,2.0,1.0544174909591675,,,,
1.3386089,216,2,90,2.4,101,17.012367248535156,1.0,1.1497143507003784,0.0,0.5143674730297947,0.0027718169149011374,1.0,0.0,0.5143674730297947,2.0,1.1497143507003784,,,,
1.3343995274725275,218,2,91,2.3956043956043955,102,13.25001049041748,1.0,1.2400802373886108,0.0,0.5154960387452622,0.0023765992373228073,1.0,0.0,0.5154960387452622,2.0,1.2400802373886108,,,,
1.3198951847826088,219,2,92,2.380434782608696,103,10.548334121704102,1.0,1.3232998847961426,0.0,0.5165352166685128,0.0024133219849318266,1.0,0.0,0.5165352166685128,2.0,1.3232998847961426,,,,
1.3159775591397849,221,2,93,2.3763440860215055,103,8.312950134277344,1.0,1.3953394889831543,0.0,0.5174346723475973,0.00412753177806735,1.0,0.0,0.5174346723475973,2.0,1.3953394889831543,,,,
1.3019777978723404,222,2,94,2.3617021276595747,104,7.031000137329102,1.0,1.4585249423980713,0.0,0.5182234860934666,0.00257691228762269,1.0,0.0,0.5182234860934666,2.0,1.4585249423980713,,,,
1.2982978315789475,224,2,95,2.357894736842105,105,5.842888355255127,1.0,1.5094115734100342,0.0,0.5188586942250863,0.0043504927307367325,1.0,0.0,0.5188586942250863,2.0,1.5094115734100342,,,,
1.2847738958333332,225,2,96,2.34375,106,5.221417427062988,1.0,1.552517294883728,0.0,0.5193967271381688,0.0027965381741523743,1.0,0.0,0.5193967271381688,2.0,1.552517294883728,,,,
1.3011147938144327,229,2,97,2.3608247422680413,109,4.475642204284668,1.0,1.5831226110458374,0.0,0.5197787064411563,0.00775138521566987,1.0,0.0,0.5197787064411563,2.0,1.5831226110458374,,,,
1.2878381122448979,230,2,98,2.3469387755102042,110,4.300449371337891,1.0,1.6108330488204956,0.0,0.5201245353686562,0.003486061003059149,1.0,0.0,0.5201245353686562,2.0,1.6108330488204956,,,,
1.2844817272727271,232,2,99,2.3434343434343434,112,3.90255069732666,0.0,0.5154849290847778,0.0,0.5064432049260976,0.00273911259137094,0.0,0.0,0.5064432049260976,1.0,0.5154849290847778,,,,
1.3098908799999998,237,2,100,2.37,116,102.50743865966797,1.0,0.5899398922920227,0.0,0.5073737140224693,0.0011346531100571156,1.0,0.0,0.5073737140224693,2.0,0.5899398922920227,,,,
1.30992263,241,2,101,2.37,119,75.91883850097656,1.0,0.6719197630882263,0.0,0.5083982071388,0.0013206976000219584,1.0,0.0,0.5083982071388,2.0,0.6719197630882263,,,,
1.31944644,243,2,102,2.38,121,56.15892028808594,1.0,0.760736882686615,0.0,0.5095080647043586,0.0008820236544124782,1.0,0.0,0.5095080647043586,2.0,0.760736882686615,,,,
1.3098908800000002,244,2,103,2.37,121,41.80781555175781,1.0,0.8551828861236572,0.0,0.5106881576567144,0.0008923456771299243,1.0,0.0,0.5106881576567144,2.0,0.8551828861236572,,,,
1.30036707,245,1,104,2.36,122,30.710582733154297,1.0,0.95280522108078,0.0,0.5119078131897795,0.0015192776918411255,1.0,0.0,0.5119078131897795,2.0,0.95280522108078,,,,
1.3098908800000002,247,1,105,2.37,124,22.96282386779785,1.0,1.0511358976364136,0.0,0.5131361751128071,0.000978107564151287,1.0,0.0,0.5131361751128071,2.0,1.0511358976364136,,,,
1.31944643,251,1,106,2.38,127,17.248191833496094,1.0,1.1467961072921753,0.0,0.5143310250306625,0.0046186321415007114,1.0,0.0,0.5143310250306625,2.0,1.1467961072921753,,,,
1.31944643,252,1,107,2.38,128,13.515195846557617,1.0,1.2380540370941162,0.0,0.5154707355291709,0.002154300920665264,1.0,0.0,0.5154707355291709,2.0,1.2380540370941162,,,,
1.3193829400000001,254,1,108,2.38,129,10.416206359863281,1.0,1.32030189037323,0.0,0.5164977826301025,0.0039889076724648476,1.0,0.0,0.5164977826301025,2.0,1.32030189037323,,,,
1.3384940500000002,258,1,109,2.4,130,8.333576202392578,1.0,1.3923981189727783,0.0,0.5173979498324625,0.0031016734428703785,1.0,0.0,0.5173979498324625,2.0,1.3923981189727783,,,,
1.3384623000000002,260,1,110,2.4,130,6.963730335235596,1.0,1.4546974897384644,0.0,0.5181757063227163,0.002761445241048932,1.0,0.0,0.5181757063227163,2.0,1.4546974897384644,,,,
1.32890674,261,1,111,2.39,130,6.024928092956543,1.0,1.5079988241195679,0.0,0.5188410599577106,0.00402255030348897,1.0,0.0,0.5188410599577106,2.0,1.5079988241195679,,,,
1.32887499,263,2,112,2.39,131,5.121946811676025,1.0,1.5493680238723755,0.0,0.519357420373542,0.0033612337429076433,1.0,0.0,0.519357420373542,2.0,1.5493680238723755,,,,
1.3383988000000002,266,2,113,2.4,131,4.592108726501465,1.0,1.5822333097457886,0.0,0.5197676075597567,0.003855012822896242,1.0,0.0,0.5197676075597567,2.0,1.5822333097457886,,,,
1.31919245,267,2,114,2.38,131,4.310222625732422,1.0,1.6101415157318115,0.0,0.5201159052024819,0.0036604085471481085,1.0,0.0,0.5201159052024819,2.0,1.6101415157318115,,,,
1.3096368900000004,268,2,115,2.37,131,3.96049165725708,0.0,0.5156940221786499,0.0,0.5064458181555711,0.0028369955252856016,0.0,0.0,0.5064458181555711,1.0,0.5156940221786499,,,,
1.28090673,270,2,116,2.34,132,104.25519561767578,1.0,0.5903211832046509,0.0,0.5073784791216362,0.00036882326821796596,1.0,0.0,0.5073784791216362,2.0,0.5903211832046509,,,,
1.2617321300000002,272,2,117,2.32,133,76.2984619140625,1.0,0.6724165081977844,0.0,0.5084044146996056,0.000417365605244413,1.0,0.0,0.5084044146996056,2.0,0.6724165081977844,,,,
1.24258928,274,2,118,2.3,133,56.29655456542969,1.0,0.7613416314125061,0.0,0.5095156213276953,0.0005368029815144837,1.0,0.0,0.5095156213276953,2.0,0.7613416314125061,,,,
1.20414483,278,2,119,2.26,135,41.00901794433594,1.0,0.855423629283905,0.0,0.510691165570745,0.0016917003085836768,1.0,0.0,0.510691165570745,2.0,0.855423629283905,,,,
1.14662102,280,2,120,2.2,135,30.67841339111328,1.0,0.9530409574508667,0.0,0.5119107582226684,0.0012692075688391924,1.0,0.0,0.5119107582226684,2.0,0.9530409574508667,,,,
1.1561448300000001,282,2,121,2.21,136,22.861522674560547,1.0,1.0512280464172363,0.0,0.5131373261774421,0.0016685343580320477,1.0,0.0,0.5131373261774421,2.0,1.0512280464172363,,,,
1.1561448300000001,283,2,122,2.21,136,17.535093307495117,1.0,1.147675633430481,0.0,0.5143420100686883,0.0019100595964118838,1.0,0.0,0.5143420100686883,2.0,1.147675633430481,,,,
1.14655753,286,2,123,2.2,139,13.158774375915527,1.0,1.2375067472457886,0.0,0.5154639009526916,0.00368880620226264,1.0,0.0,0.5154639009526916,2.0,1.2375067472457886,,,,
1.15611309,288,2,124,2.21,140,10.495275497436523,1.0,1.3202303647994995,0.0,0.5164968895337584,0.0014774715527892113,1.0,0.0,0.5164968895337584,2.0,1.3202303647994995,,,,
1.1656369,290,2,125,2.22,142,8.428328514099121,1.0,1.3931281566619873,0.0,0.5174070642490819,0.0019831012468785048,1.0,0.0,0.5174070642490819,2.0,1.3931281566619873,,,,
1.15608134,291,2,126,2.21,142,7.072078704833984,1.0,1.4566572904586792,0.0,0.5182001714165004,0.0034404664766043425,1.0,0.0,0.5182001714165004,2.0,1.4566572904586792,,,,
1.12728769,293,2,127,2.18,144,5.853391170501709,1.0,1.507611870765686,0.0,0.5188362299071688,0.00504202488809824,1.0,0.0,0.5188362299071688,2.0,1.507611870765686,,,,
1.12731944,295,2,128,2.18,145,5.171758651733398,1.0,1.5498381853103638,0.0,0.5193632885801432,0.0018366806907579303,1.0,0.0,0.5193632885801432,2.0,1.5498381853103638,,,,
1.1368749900000001,298,2,129,2.19,148,4.591052532196045,1.0,1.5827158689498901,0.0,0.5197736301187342,0.0036307687405496836,1.0,0.0,0.5197736301187342,2.0,1.5827158689498901,,,,
1.1368749900000001,300,2,130,2.19,149,4.237480640411377,1.0,1.6090835332870483,0.0,0.5201027018134864,0.002917923964560032,1.0,0.0,0.5201027018134864,2.0,1.6090835332870483,,,,
1.1177003900000002,302,1,131,2.17,151,3.9325828552246094,0.0,0.5151531100273132,0.0,0.5064390578762077,0.002961384365335107,0.0,0.0,0.5064390578762077,1.0,0.5151531100273132,,,,
1.1177321400000002,304,1,132,2.17,152,104.25031280517578,1.0,0.589701235294342,0.0,0.5073707314585448,0.0003709110023919493,1.0,0.0,0.5073707314585448,2.0,0.589701235294342,,,,
1.1177003900000002,306,1,133,2.17,154,76.46507263183594,1.0,0.6717357635498047,0.0,0.5083959077932654,0.0004335415142122656,1.0,0.0,0.5083959077932654,2.0,0.6717357635498047,,,,
1.1272559500000003,308,1,134,2.18,155,56.24771499633789,1.0,0.760555624961853,0.0,0.5095057998019187,0.0003900543670170009,1.0,0.0,0.5095057998019187,2.0,0.760555624961853,,,,
1.1272877000000003,310,1,135,2.18,157,41.45347213745117,1.0,0.8547864556312561,0.0,0.510683204538856,0.00034394959220662713,1.0,0.0,0.510683204538856,2.0,0.8547864556312561,,,,
1.1081131000000002,312,1,136,2.16,158,30.733060836791992,1.0,0.9523894786834717,0.0,0.5119026193560585,0.0005303078214637935,1.0,0.0,0.5119026193560585,2.0,0.9523894786834717,,,,
1.1081131000000002,314,1,137,2.16,160,22.865131378173828,1.0,1.0505177974700928,0.0,0.5131284541905345,0.0008437835494987667,1.0,0.0,0.5131284541905345,2.0,1.0505177974700928,,,,
1.1081448500000002,316,1,138,2.16,161,17.358715057373047,1.0,1.146423101425171,0.0,0.514326366286445,0.0012469306821003556,1.0,0.0,0.514326366286445,2.0,1.146423101425171,,,,
1.0985892900000003,317,1,139,2.15,162,13.528422355651855,1.0,1.2377057075500488,0.0,0.5154663855772215,0.0029913790058344603,1.0,0.0,0.5154663855772215,2.0,1.2377057075500488,,,,
1.1081131000000002,319,1,140,2.16,164,10.399309158325195,1.0,1.3198438882827759,0.0,0.5164920638346894,0.002577932318672538,1.0,0.0,0.5164920638346894,2.0,1.3198438882827759,,,,
1.0985892900000003,320,1,141,2.15,165,8.558388710021973,1.0,1.3938177824020386,0.0,0.517415674117631,0.003448945004492998,1.0,0.0,0.517415674117631,2.0,1.3938177824020386,,,,
1.1081131000000002,322,1,142,2.16,166,6.895440578460693,1.0,1.455386757850647,0.0,0.5181843107835248,0.0028967298567295074,1.0,0.0,0.5181843107835248,2.0,1.455386757850647,,,,
1.1081448500000002,324,1,143,2.16,168,5.914619445800781,1.0,1.507212519645691,0.0,0.518831245100854,0.002419963013380766,1.0,0.0,0.518831245100854,2.0,1.507212519645691,,,,
1.1272559600000003,327,1,144,2.18,170,5.132696151733398,1.0,1.5487529039382935,0.0,0.5193497428943669,0.002635570941492915,1.0,0.0,0.5193497428943669,2.0,1.5487529039382935,,,,
1.1081131100000001,329,1,145,2.16,172,4.621664524078369,1.0,1.5822242498397827,0.0,0.5197674944879422,0.0032803553622215986,1.0,0.0,0.5197674944879422,2.0,1.5822242498397827,,,,
1.1176686600000003,332,1,146,2.17,174,4.192434787750244,1.0,1.6076222658157349,0.0,0.5200844654695879,0.0038713517133146524,1.0,0.0,0.5200844654695879,2.0,1.6076222658157349,,,,
1.1176369100000003,334,1,147,2.17,174,3.954893112182617,0.0,0.5148501396179199,0.0,0.5064352713738008,0.0022989052813500166,0.0,0.0,0.5064352713738008,1.0,0.5148501396179199,,,,
1.1176686600000003,336,1,148,2.17,174,104.46806335449219,1.0,0.5893717408180237,0.0,0.5073666136721244,0.00017741855117492378,1.0,0.0,0.5073666136721244,2.0,0.5893717408180237,,,,
1.1081448500000002,337,1,149,2.16,175,77.3260269165039,1.0,0.6714924573898315,0.0,0.5083928673235032,0.0008272046688944101,1.0,0.0,0.5083928673235032,2.0,0.6714924573898315,,,,
1.1176686600000003,339,1,150,2.17,175,55.95699691772461,1.0,0.7601892948150635,0.0,0.5095012223293708,0.0009350347681902349,1.0,0.0,0.5095012223293708,2.0,0.7601892948150635,,,,
1.1272242200000002,341,1,151,2.18,175,41.43225860595703,1.0,0.8543636798858643,0.0,0.5106779222534339,0.0006235050386749208,1.0,0.0,0.5106779222534339,2.0,0.8543636798858643,,,,
1.0985258100000002,342,1,152,2.15,175,31.053878784179688,1.0,0.9522283673286438,0.0,0.5119006066051814,0.0016450996045023203,1.0,0.0,0.5119006066051814,2.0,0.9522283673286438,,,,
1.10804962,344,1,153,2.16,176,22.818222045898438,1.0,1.050250768661499,0.0,0.5131251186310475,0.0013354794355109334,1.0,0.0,0.5131251186310475,2.0,1.050250768661499,,,,
1.06973216,345,1,154,2.12,176,17.58252716064453,1.0,1.1467347145080566,0.0,0.5143302582512645,0.002246792195364833,1.0,0.0,0.5143302582512645,2.0,1.1467347145080566,,,,
1.06973216,347,1,155,2.12,176,13.283023834228516,1.0,1.2370058298110962,0.0,0.5154576454716107,0.002202989300712943,1.0,0.0,0.5154576454716107,2.0,1.2370058298110962,,,,
1.09849406,352,1,156,2.15,177,10.302888870239258,1.0,1.3184677362442017,0.0,0.5164748806295685,0.007076549809426069,1.0,0.0,0.5164748806295685,2.0,1.3184677362442017,,,,
1.1080813600000001,355,1,157,2.16,178,8.453699111938477,1.0,1.3914661407470703,0.0,0.5173863142001719,0.0033606383949518204,1.0,0.0,0.5173863142001719,2.0,1.3914661407470703,,,,
1.11763692,357,1,158,2.17,179,7.009465217590332,1.0,1.454240322113037,0.0,0.5181699992764379,0.0020414330065250397,1.0,0.0,0.5181699992764379,2.0,1.454240322113037,,,,
1.11766867,359,1,159,2.17,179,5.950321197509766,1.0,1.506516933441162,0.0,0.5188225626009044,0.0018680047942325473,1.0,0.0,0.5188225626009044,2.0,1.506516933441162,,,,
1.1176686700000003,361,2,160,2.17,180,5.19370698928833,1.0,1.549082636833191,0.0,0.5193538583814333,0.0031284175347536802,1.0,0.0,0.5193538583814333,2.0,1.549082636833191,,,,
1.1176686700000003,363,2,161,2.17,181,4.622808456420898,1.0,1.5825809240341187,0.0,0.5197719459452116,0.0029606285970658064,1.0,0.0,0.5197719459452116,2.0,1.5825809240341187,,,,
1.1271924800000002,365,2,162,2.18,181,4.23541259765625,1.0,1.608911395072937,0.0,0.5201005535636511,0.0020585230085998774,1.0,0.0,0.5201005535636511,2.0,1.608911395072937,,,,
1.1558908900000002,369,2,163,2.21,183,3.8726301193237305,0.0,0.5146510601043701,0.0,0.5064327832919433,0.006063272710889578,0.0,0.0,0.5064327832919433,1.0,0.5146510601043701,,,,
1.1559226400000002,371,2,164,2.21,184,104.42694854736328,1.0,0.589139997959137,0.0,0.5073637175149406,0.00020046722784172744,1.0,0.0,0.5073637175149406,2.0,0.589139997959137,,,,
1.1654782000000001,373,2,165,2.22,186,76.74337005615234,1.0,0.6711378693580627,0.0,0.5083884362213098,0.000567179056815803,1.0,0.0,0.5083884362213098,2.0,0.6711378693580627,,,,
1.1559226400000002,374,1,166,2.21,187,56.87216567993164,1.0,0.7600598931312561,0.0,0.5094996053922992,0.001073300139978528,1.0,0.0,0.5094996053922992,2.0,0.7600598931312561,,,,
1.13677979,376,1,167,2.19,188,41.271270751953125,1.0,0.8541247844696045,0.0,0.5106749374222691,0.0010479826014488935,1.0,0.0,0.5106749374222691,2.0,0.8541247844696045,,,,
1.11763694,378,1,168,2.17,190,30.81175994873047,1.0,0.951728105545044,0.0,0.511894356873491,0.0007681988063268363,1.0,0.0,0.511894356873491,2.0,0.951728105545044,,,,
1.1081131300000002,379,1,169,2.16,191,23.23933219909668,1.0,1.0504051446914673,0.0,0.5131270470015185,0.001955382525920868,1.0,0.0,0.5131270470015185,2.0,1.0504051446914673,,,,
1.1080813800000002,381,1,170,2.16,193,17.28733253479004,1.0,1.1460950374603271,0.0,0.5143222688525924,0.002355114324018359,1.0,0.0,0.5143222688525924,2.0,1.1460950374603271,,,,
1.11763694,383,1,171,2.17,195,13.384049415588379,1.0,1.2367533445358276,0.0,0.515454492421481,0.0013955907197669148,1.0,0.0,0.515454492421481,2.0,1.2367533445358276,,,,
1.1271925000000003,385,1,172,2.18,196,10.51123332977295,1.0,1.31952702999115,0.0,0.5164881074140957,0.001507082488387823,1.0,0.0,0.5164881074140957,2.0,1.31952702999115,,,,
1.1079861500000001,387,1,173,2.16,198,8.477225303649902,1.0,1.392801284790039,0.0,0.5174029833017267,0.0016168025322258472,1.0,0.0,0.5174029833017267,2.0,1.392801284790039,,,,
1.08881155,389,1,174,2.14,199,6.989855766296387,1.0,1.45541512966156,0.0,0.5181846649620678,0.0018548944499343634,1.0,0.0,0.5181846649620678,2.0,1.45541512966156,,,,
1.07928774,390,1,175,2.13,200,6.013221740722656,1.0,1.508589506149292,0.0,0.5188484329947999,0.003977763932198286,1.0,0.0,0.5188484329947999,2.0,1.508589506149292,,,,
1.06976393,391,1,176,2.12,201,5.178274154663086,1.0,1.5509437322616577,0.0,0.5193770871767417,0.0020195390097796917,1.0,0.0,0.5193770871767417,2.0,1.5509437322616577,,,,
1.0697956800000001,393,1,177,2.12,202,4.615024566650391,1.0,1.5843452215194702,0.0,0.5197939651395315,0.002201198600232601,1.0,0.0,0.5197939651395315,2.0,1.5843452215194702,,,,
1.06027187,394,1,178,2.11,203,4.286605358123779,1.0,1.6117889881134033,0.0,0.5201364652407163,0.004004295915365219,1.0,0.0,0.5201364652407163,2.0,1.6117889881134033,,,,
1.03157346,395,1,179,2.08,204,3.934774875640869,0.0,0.516030490398407,0.0,0.5064500233088733,0.003575192065909505,0.0,0.0,0.5064500233088733,1.0,0.516030490398407,,,,
1.0220179,396,1,180,2.07,205,104.8687973022461,1.0,0.590754508972168,0.0,0.5073838945133092,0.00047988080768845975,1.0,0.0,0.5073838945133092,2.0,0.590754508972168,,,,
1.06042408,402,1,181,2.11,210,73.67889404296875,1.0,0.6724737882614136,0.0,0.5084051304980872,0.016683878377079964,1.0,0.0,0.5084051304980872,2.0,0.6724737882614136,0.04133107513189316,0.0007095675682649016,0.0016,25.388442993164062
1.02205708,404,1,182,2.07,212,55.55897521972656,1.0,0.761182963848114,0.0,0.5095136387013347,0.0007888399413786829,1.0,0.0,0.5095136387013347,2.0,0.761182963848114,,,,
1.0412316799999999,408,1,183,2.09,215,39.80701446533203,1.0,0.8545454144477844,0.0,0.5106801928991868,0.0020472584292292595,1.0,0.0,0.5106801928991868,2.0,0.8545454144477844,,,,
1.05075549,410,1,184,2.1,217,30.310319900512695,1.0,0.9516966342926025,0.0,0.5118939637054492,0.0018470962531864643,1.0,0.0,0.5118939637054492,2.0,0.9516966342926025,,,,
1.07942215,415,1,185,2.13,220,21.924549102783203,1.0,1.0481014251708984,0.0,0.5130982703128053,0.004204439464956522,1.0,0.0,0.5130982703128053,2.0,1.0481014251708984,,,,
1.08894596,417,1,186,2.14,222,17.20511817932129,1.0,1.1433616876602173,0.0,0.5142881299475659,0.0017400756478309631,1.0,0.0,0.5142881299475659,2.0,1.1433616876602173,,,,
1.08897771,421,1,187,2.14,227,13.031063079833984,1.0,1.232272744178772,0.0,0.515398538231152,0.004761547781527042,1.0,0.0,0.515398538231152,2.0,1.232272744178772,,,,
1.0985650100000002,424,1,188,2.15,230,10.417312622070312,1.0,1.314146876335144,0.0,0.5164209283276389,0.002654723357409239,1.0,0.0,0.5164209283276389,2.0,1.314146876335144,,,,
1.08900946,426,1,189,2.14,231,8.437113761901855,1.0,1.3867865800857544,0.0,0.5173278901822995,0.0028236887883394957,1.0,0.0,0.5173278901822995,2.0,1.3867865800857544,,,,
1.06031105,427,1,190,2.11,232,7.160508155822754,1.0,1.4509766101837158,0.0,0.5181292566321474,0.00465120654553175,1.0,0.0,0.5181292566321474,2.0,1.4509766101837158,,,,
1.0602793,429,1,191,2.11,234,5.782745361328125,1.0,1.5007445812225342,0.0,0.5187505100612498,0.004916107747703791,1.0,0.0,0.5187505100612498,2.0,1.5007445812225342,,,,
1.0602793,430,1,192,2.11,235,5.318207740783691,1.0,1.545150637626648,0.0,0.5193047818455828,0.004761183634400368,1.0,0.0,0.5193047818455828,2.0,1.545150637626648,,,,
1.05072374,431,1,193,2.1,236,4.591375350952148,1.0,1.5779385566711426,0.0,0.519714006829525,0.004832464735955,1.0,0.0,0.519714006829525,2.0,1.5779385566711426,,,,
1.0794221499999999,435,1,194,2.13,237,4.0404253005981445,1.0,1.5999064445495605,0.0,0.5199881725814571,0.006460634525865316,1.0,0.0,0.5199881725814571,2.0,1.5999064445495605,,,,
1.0985967499999998,439,1,195,2.15,240,3.8901076316833496,0.0,0.5118895173072815,0.0,0.5063982696901077,0.004781046882271767,0.0,0.0,0.5063982696901077,1.0,0.5118895173072815,,,,
1.10815231,441,1,196,2.16,242,104.80975341796875,1.0,0.5860083103179932,0.0,0.507324579865063,0.0004330211959313601,1.0,0.0,0.507324579865063,2.0,0.5860083103179932,,,,
1.0794538999999999,442,1,197,2.13,242,78.16299438476562,1.0,0.6677838563919067,0.0,0.5083465228007703,0.0009661232470534742,1.0,0.0,0.5083465228007703,2.0,0.6677838563919067,,,,
1.0794538999999999,443,1,198,2.13,242,56.40567398071289,1.0,0.756123423576355,0.0,0.5094504171928955,0.0009751986945047975,1.0,0.0,0.5094504171928955,2.0,0.756123423576355,,,,
1.06989834,444,1,199,2.12,243,42.332557678222656,1.0,0.8502718806266785,0.0,0.5106267979781297,0.0015150827821344137,1.0,0.0,0.5106267979781297,2.0,0.8502718806266785,,,,
1.03164437,445,1,200,2.08,244,30.85871124267578,1.0,0.9474748969078064,0.0,0.5118412217176115,0.0017561381682753563,1.0,0.0,0.5118412217176115,2.0,0.9474748969078064,,,,
1.01243802,447,1,201,2.06,245,22.98784065246582,1.0,1.0453003644943237,0.0,0.5130632810183738,0.0009387850877828896,1.0,0.0,0.5130632810183738,2.0,1.0453003644943237,,,,
1.03161262,451,1,202,2.08,248,17.040992736816406,1.0,1.1398537158966064,0.0,0.5142443159985672,0.0022602647077292204,1.0,0.0,0.5142443159985672,2.0,1.1398537158966064,,,,
1.0411681799999999,453,1,203,2.09,250,13.448186874389648,1.0,1.2302823066711426,0.0,0.5153736813223616,0.0013408102095127106,1.0,0.0,0.5153736813223616,2.0,1.2302823066711426,,,,
1.06986659,457,1,204,2.12,253,10.332399368286133,1.0,1.311527132987976,0.0,0.5163882167857679,0.003645313438028097,1.0,0.0,0.5163882167857679,2.0,1.311527132987976,,,,
1.0603427799999998,458,1,205,2.11,254,8.71389389038086,1.0,1.3862861394882202,0.0,0.5173216421851308,0.004210373852401972,1.0,0.0,0.5173216421851308,2.0,1.3862861394882202,,,,
1.0411681799999999,460,1,206,2.09,255,6.874561786651611,1.0,1.447265386581421,0.0,0.5180829271697783,0.004965524189174175,1.0,0.0,0.5180829271697783,2.0,1.447265386581421,,,,
1.05069199,462,1,207,2.1,257,5.990277290344238,1.0,1.4998533725738525,0.0,0.5187393856104777,0.0023528658784925938,1.0,0.0,0.5187393856104777,2.0,1.4998533725738525,,,,
1.05069199,464,1,208,2.1,258,5.148494720458984,1.0,1.5414628982543945,0.0,0.5192587536560606,0.0037896488793194294,1.0,0.0,0.5192587536560606,2.0,1.5414628982543945,,,,
1.02199358,465,1,209,2.07,258,4.779148101806641,1.0,1.577696442604065,0.0,0.5197109851077509,0.005790599621832371,1.0,0.0,0.5197109851077509,2.0,1.577696442604065,,,,
1.02202533,467,1,210,2.07,259,4.143146991729736,1.0,1.6019188165664673,0.0,0.5200132869812855,0.003850305685773492,1.0,0.0,0.5200132869812855,2.0,1.6019188165664673,,,,
1.03154914,469,1,211,2.08,260,3.918898105621338,0.0,0.5127553939819336,0.0,0.5064090913731848,0.005226123612374067,0.0,0.0,0.5064090913731848,1.0,0.5127553939819336,,,,
1.0507237399999998,473,1,212,2.1,262,101.54674530029297,1.0,0.5867363810539246,0.0,0.5073336787938045,0.0008731893030926585,1.0,0.0,0.5073336787938045,2.0,0.5867363810539246,,,,
1.04113644,475,1,213,2.09,262,76.24617004394531,1.0,0.6683235168457031,0.0,0.5083532666751662,0.000508440425619483,1.0,0.0,0.5083532666751662,2.0,0.6683235168457031,,,,
1.0506920000000002,477,1,214,2.1,263,56.20801544189453,1.0,0.7566802501678467,0.0,0.5094573750369381,0.0004188894818071276,1.0,0.0,0.5094573750369381,2.0,0.7566802501678467,,,,
1.0602475599999999,479,1,215,2.11,264,41.401588439941406,1.0,0.850401759147644,0.0,0.5106284207261783,0.0005300830816850066,1.0,0.0,0.5106284207261783,2.0,0.850401759147644,,,,
1.0602475599999999,481,1,216,2.11,264,30.687522888183594,1.0,0.947457492351532,0.0,0.5118410042826744,0.0008509005419909954,1.0,0.0,0.5118410042826744,2.0,0.947457492351532,,,,
1.06024756,483,1,217,2.11,265,22.94939422607422,1.0,1.0452178716659546,0.0,0.5130622505618309,0.0009236066835001111,1.0,0.0,0.5130622505618309,2.0,1.0452178716659546,,,,
1.0506920000000002,484,1,218,2.1,266,17.77366065979004,1.0,1.14173424243927,0.0,0.5142678034708832,0.003413718892261386,1.0,0.0,0.5142678034708832,2.0,1.14173424243927,,,,
1.0411047,487,1,219,2.09,267,13.240720748901367,1.0,1.2314308881759644,0.0,0.5153880250051376,0.004048267845064402,1.0,0.0,0.5153880250051376,2.0,1.2314308881759644,,,,
1.03158089,488,1,220,2.08,267,10.75186824798584,1.0,1.3152844905853271,0.0,0.5164351331547875,0.003960619680583477,1.0,0.0,0.5164351331547875,2.0,1.3152844905853271,,,,
1.03161264,490,1,221,2.08,268,8.283748626708984,1.0,1.3866592645645142,0.0,0.5173263006494697,0.002478038426488638,1.0,0.0,0.5173263006494697,2.0,1.3866592645645142,,,,
1.0794221600000002,496,1,222,2.13,270,6.745583534240723,1.0,1.4462536573410034,0.0,0.5180702970841037,0.0061021349392831326,1.0,0.0,0.5180702970841037,2.0,1.4462536573410034,,,,
1.06986661,498,1,223,2.12,271,5.954597473144531,1.0,1.4982776641845703,0.0,0.5187197168932314,0.0031879236921668053,1.0,0.0,0.5187197168932314,2.0,1.4982776641845703,,,,
1.0603110500000001,499,1,224,2.11,271,5.354158401489258,1.0,1.5431549549102783,0.0,0.5192798729506796,0.0054802135564386845,1.0,0.0,0.5192798729506796,2.0,1.5431549549102783,,,,
1.0603428000000001,501,1,225,2.11,272,4.5503411293029785,1.0,1.575081467628479,0.0,0.5196783486353798,0.005514936987310648,1.0,0.0,0.5196783486353798,2.0,1.575081467628479,,,,
1.0603428,502,1,226,2.11,272,4.373173236846924,1.0,1.6041349172592163,0.0,0.5200409437976615,0.005301966797560453,1.0,0.0,0.5200409437976615,2.0,1.6041349172592163,,,,
1.0891046999999998,507,1,227,2.14,274,3.6426234245300293,0.0,0.5112859010696411,0.0,0.5063907257212187,0.014182585291564465,0.0,0.0,0.5063907257212187,1.0,0.5112859010696411,,,,
1.07954914,508,1,228,2.13,274,106.83363342285156,1.0,0.5854703187942505,0.0,0.5073178564128399,0.000838759180624038,1.0,0.0,0.5073178564128399,2.0,0.5854703187942505,,,,
1.06996184,510,1,229,2.12,275,76.22480773925781,1.0,0.6668707728385925,0.0,0.5083351124324808,0.0009722766699269414,1.0,0.0,0.5083351124324808,2.0,0.6668707728385925,,,,
1.06999359,512,1,230,2.12,276,56.51236343383789,1.0,0.755121648311615,0.0,0.5094378994696102,0.001170288771390915,1.0,0.0,0.5094378994696102,2.0,0.755121648311615,,,,
1.07002534,514,1,231,2.12,276,41.65630340576172,1.0,0.8487833738327026,0.0,0.5106082000332713,0.0005819220095872879,1.0,0.0,0.5106082000332713,2.0,0.8487833738327026,,,,
1.08916819,518,1,232,2.14,278,30.05834197998047,1.0,0.9450324773788452,0.0,0.511810708552549,0.0019765151664614677,1.0,0.0,0.511810708552549,2.0,0.9450324773788452,,,,
1.07964438,519,1,233,2.13,278,23.627605438232422,1.0,1.0436255931854248,0.0,0.5130423606440685,0.0027301351074129343,1.0,0.0,0.5130423606440685,2.0,1.0436255931854248,,,,
1.07961263,521,1,234,2.13,279,17.23535919189453,1.0,1.1385427713394165,0.0,0.5142279424758885,0.002919827587902546,1.0,0.0,0.5142279424758885,2.0,1.1385427713394165,,,,
1.0700570699999998,522,1,235,2.12,279,13.773778915405273,1.0,1.230170488357544,0.0,0.5153722849147351,0.0035438681952655315,1.0,0.0,0.5153722849147351,2.0,1.230170488357544,,,,
1.07008882,524,1,236,2.12,280,10.367622375488281,1.0,1.311599612236023,0.0,0.5163891218030139,0.003014518413692713,1.0,0.0,0.5163891218030139,2.0,1.311599612236023,,,,
1.07012057,526,1,237,2.12,281,8.461206436157227,1.0,1.3842883110046387,0.0,0.5172966992573002,0.0023130520712584257,1.0,0.0,0.5172966992573002,2.0,1.3842883110046387,,,,
1.08926342,530,1,238,2.14,282,6.829824447631836,1.0,1.444703459739685,0.0,0.5180509448967298,0.005017808172851801,1.0,0.0,0.5180509448967298,2.0,1.444703459739685,,,,
1.09881898,532,1,239,2.15,283,5.958441734313965,1.0,1.4967314004898071,0.0,0.5187004156618115,0.0021109094377607107,1.0,0.0,0.5187004156618115,2.0,1.4967314004898071,,,,
1.09881898,534,1,240,2.15,284,5.185048580169678,1.0,1.5388593673706055,0.0,0.5192262577210177,0.0025195451453328133,1.0,0.0,0.5192262577210177,2.0,1.5388593673706055,,,,
1.12751739,538,1,241,2.18,288,4.476210594177246,1.0,1.569311499595642,0.0,0.5196063353440094,0.005092462990432978,1.0,0.0,0.5196063353440094,2.0,1.569311499595642,,,,
1.12751739,540,1,242,2.18,290,4.297122001647949,1.0,1.5966970920562744,0.0,0.5199481196580646,0.0034369605127722025,1.0,0.0,0.5199481196580646,2.0,1.5966970920562744,,,,
1.12748564,542,1,243,2.18,293,3.9832820892333984,0.0,0.5115513801574707,0.0,0.5063940436674085,0.0031148523557931185,0.0,0.0,0.5063940436674085,1.0,0.5115513801574707,,,,
1.1083745299999999,543,1,244,2.16,294,106.69963836669922,1.0,0.58576500415802,0.0,0.5073215391904548,0.0010800405871123075,1.0,0.0,0.5073215391904548,2.0,0.58576500415802,,,,
1.10837453,545,1,245,2.16,296,76.12178039550781,1.0,0.667195737361908,0.0,0.5083391733596412,0.0005621202290058136,1.0,0.0,0.5083391733596412,2.0,0.667195737361908,,,,
1.0987872300000001,547,1,246,2.15,299,56.5057258605957,1.0,0.7554895281791687,0.0,0.509442496328731,0.0004968536668457091,1.0,0.0,0.509442496328731,2.0,0.7554895281791687,,,,
1.08926342,548,1,247,2.14,300,42.426029205322266,1.0,0.8496055006980896,0.0,0.5106184719887505,0.002177133923396468,1.0,0.0,0.5106184719887505,2.0,0.8496055006980896,,,,
1.08923167,550,1,248,2.14,302,30.449106216430664,1.0,0.9463297128677368,0.0,0.5118269149359865,0.0017877427162602544,1.0,0.0,0.5118269149359865,2.0,0.9463297128677368,,,,
1.0987872300000001,552,1,249,2.15,303,23.149423599243164,1.0,1.0443066358566284,0.0,0.5130508678813036,0.0010653450153768063,1.0,0.0,0.5130508678813036,2.0,1.0443066358566284,,,,
1.0988189800000001,554,1,250,2.15,303,17.462541580200195,1.0,1.1399205923080444,0.0,0.5142451512752074,0.0014416864141821861,1.0,0.0,0.5142451512752074,2.0,1.1399205923080444,,,,
1.12751739,559,1,251,2.18,305,13.044078826904297,1.0,1.2286287546157837,0.0,0.5153530314362921,0.005164426751434803,1.0,0.0,0.5153530314362921,2.0,1.2286287546157837,,,,
1.12751739,560,1,252,2.18,305,10.833263397216797,1.0,1.3127578496932983,0.0,0.5164035842021781,0.005131998565047979,1.0,0.0,0.5164035842021781,2.0,1.3127578496932983,,,,
1.12754914,562,1,253,2.18,307,8.335454940795898,1.0,1.384432315826416,0.0,0.5172984971632105,0.0033462848514318466,1.0,0.0,0.5172984971632105,2.0,1.384432315826416,,,,
1.1371047,564,1,254,2.19,309,6.987127780914307,1.0,1.4466408491134644,0.0,0.5180751306579727,0.0017272119875997305,1.0,0.0,0.5180751306579727,2.0,1.4466408491134644,,,,
1.12754914,565,1,255,2.18,309,6.127018451690674,1.0,1.5010031461715698,0.0,0.5187537375769962,0.005898175295442343,1.0,0.0,0.5187537375769962,2.0,1.5010031461715698,,,,
1.09878724,567,1,256,2.15,311,5.0734405517578125,1.0,1.5413638353347778,0.0,0.5192575172065672,0.004244919866323471,1.0,0.0,0.5192575172065672,2.0,1.5413638353347778,,,,
1.07967613,568,1,257,2.13,312,4.780152797698975,1.0,1.5776193141937256,0.0,0.5197100225008563,0.0057669151574373245,1.0,0.0,0.5197100225008563,2.0,1.5776193141937256,,,,
1.07964438,570,1,258,2.13,313,4.119767189025879,1.0,1.6013031005859375,0.0,0.5200056028574822,0.005699175409972668,1.0,0.0,0.5200056028574822,2.0,1.6013031005859375,,,,
1.07964438,572,1,259,2.13,314,3.9349210262298584,0.0,0.5126760005950928,0.0,0.506408099118884,0.003529994050040841,0.0,0.0,0.506408099118884,1.0,0.5126760005950928,,,,
1.07964438,574,1,260,2.13,315,104.18778991699219,1.0,0.5868603587150574,0.0,0.5073352281811047,0.00047465087845921516,1.0,0.0,0.5073352281811047,2.0,0.5868603587150574,,,,
1.07012057,575,1,261,2.12,315,77.89385986328125,1.0,0.6687160730361938,0.0,0.508358172257172,0.0010649787727743387,1.0,0.0,0.508358172257172,2.0,0.6687160730361938,,,,
1.07015232,577,1,262,2.12,316,55.65349578857422,1.0,0.7569569945335388,0.0,0.509460833103429,0.0004959192592650652,1.0,0.0,0.509460833103429,2.0,0.7569569945335388,,,,
1.0510094700000001,579,1,263,2.1,317,41.36335372924805,1.0,0.8506933450698853,0.0,0.5106320639027159,0.0008164336322806776,1.0,0.0,0.5106320639027159,2.0,0.8506933450698853,,,,
1.08932693,585,1,264,2.14,319,29.72454833984375,1.0,0.9468163251876831,0.0,0.5118329941849689,0.0026451966259628534,1.0,0.0,0.5118329941849689,2.0,0.9468163251876831,,,,
1.08929518,587,1,265,2.14,319,22.946491241455078,1.0,1.0445029735565186,0.0,0.5130533204301756,0.0011627826606854796,1.0,0.0,0.5130533204301756,2.0,1.0445029735565186,,,,
1.1276126399999997,592,1,266,2.18,321,16.80187225341797,1.0,1.1382994651794434,0.0,0.514224903611039,0.00529611436650157,1.0,0.0,0.514224903611039,2.0,1.1382994651794434,,,,
1.1180570799999998,593,1,267,2.17,322,13.782751083374023,1.0,1.2299442291259766,0.0,0.5153694593471827,0.004320846870541573,1.0,0.0,0.5153694593471827,2.0,1.2299442291259766,,,,
1.11805708,595,1,268,2.17,322,10.384926795959473,1.0,1.3114675283432007,0.0,0.5163874725280836,0.002300058025866747,1.0,0.0,0.5163874725280836,2.0,1.3114675283432007,,,,
1.11805708,596,1,269,2.17,323,8.715434074401855,1.0,1.3862361907958984,0.0,0.5173210185757782,0.004833214450627565,1.0,0.0,0.5173210185757782,2.0,1.3862361907958984,,,,
1.10853327,597,1,270,2.16,323,6.997340202331543,1.0,1.4486163854599,0.0,0.5180997925468434,0.0030840407125651836,1.0,0.0,0.5180997925468434,2.0,1.4486163854599,,,,
1.1085332700000001,599,1,271,2.16,323,5.888625621795654,1.0,1.4998201131820679,0.0,0.5187389704520434,0.0034085840452462435,1.0,0.0,0.5187389704520434,2.0,1.4998201131820679,,,,
1.1085015200000001,601,1,272,2.16,324,5.048768043518066,1.0,1.539757490158081,0.0,0.5192374676466719,0.031065424904227257,1.0,0.0,0.5192374676466719,2.0,1.539757490158081,0.061579033732414246,0.0013181050308048725,0.0024000000000000002,25.108718872070312
1.09897771,602,1,273,2.15,324,4.779177665710449,1.0,1.575943112373352,0.0,0.5196891025025183,0.007060797419399023,1.0,0.0,0.5196891025025183,2.0,1.575943112373352,,,,
1.09897771,604,1,274,2.15,324,4.025626182556152,1.0,1.5975160598754883,0.0,0.5199583404529646,0.006777095142751932,1.0,0.0,0.5199583404529646,2.0,1.5975160598754883,,,,
1.09897771,605,1,275,2.15,324,4.100513458251953,1.0,1.6211186647415161,0.0,0.5202528959542106,0.006851303391158581,1.0,0.0,0.5202528959542106,2.0,1.6211186647415161,,,,
1.1085015200000001,607,1,276,2.16,326,3.621521234512329,0.0,0.5165917873382568,0.0,0.5064570383517749,0.006806147750467062,0.0,0.0,0.5064570383517749,1.0,0.5165917873382568,,,,
1.09894596,608,1,277,2.15,327,104.08221435546875,1.0,0.5913337469100952,0.0,0.5073911334069271,0.0008505387813784182,1.0,0.0,0.5073911334069271,2.0,0.5913337469100952,,,,
1.1085015200000001,610,1,278,2.16,329,73.45525360107422,1.0,0.6731067895889282,0.0,0.5084130407766186,0.0009188965777866542,1.0,0.0,0.5084130407766186,2.0,0.6731067895889282,,,,
1.1085015200000001,611,1,279,2.16,330,56.16447830200195,1.0,0.7620816826820374,0.0,0.5095248686148345,0.0014036179054528475,1.0,0.0,0.5095248686148345,2.0,0.7620816826820374,,,,
1.13719993,615,1,280,2.19,333,38.59599685668945,1.0,0.8548185229301453,0.0,0.5106836051970918,0.0038959565572440624,1.0,0.0,0.5106836051970918,2.0,0.8548185229301453,,,,
1.0892699399999999,616,1,281,2.14,333,30.830223083496094,1.0,0.9525146484375,0.0,0.5119041830912128,0.002278681844472885,1.0,0.0,0.5119041830912128,2.0,0.9525146484375,,,,
1.0892699399999999,618,1,282,2.14,335,22.08232879638672,1.0,1.0492984056472778,0.0,0.5131132222890555,0.0018716722261160612,1.0,0.0,0.5131132222890555,2.0,1.0492984056472778,,,,
1.07009534,620,1,283,2.12,336,16.956775665283203,1.0,1.1439802646636963,0.0,0.5142958558425494,0.002094514202326536,1.0,0.0,0.5142958558425494,2.0,1.1439802646636963,,,,
1.06057153,621,1,284,2.11,337,13.524526596069336,1.0,1.235042929649353,0.0,0.5154331326330711,0.003844814607873559,1.0,0.0,0.5154331326330711,2.0,1.235042929649353,,,,
1.03190487,623,1,285,2.08,339,10.100325584411621,1.0,1.3151342868804932,0.0,0.5164332576368489,0.0016695724334567785,1.0,0.0,0.5164332576368489,2.0,1.3151342868804932,,,,
1.06060328,628,1,286,2.11,343,7.777264595031738,1.0,1.3818615674972534,0.0,0.5172664012010546,0.013042987324297428,1.0,0.0,0.5172664012010546,2.0,1.3818615674972534,,,,
1.04139693,630,1,287,2.09,344,6.974883079528809,1.0,1.443805456161499,0.0,0.5180397344730405,0.0020555953960865736,1.0,0.0,0.5180397344730405,2.0,1.443805456161499,,,,
1.0318413800000001,632,1,288,2.08,346,5.926237106323242,1.0,1.495358943939209,0.0,0.5186832839307343,0.0032030113507062197,1.0,0.0,0.5186832839307343,2.0,1.495358943939209,,,,
1.03180963,634,1,289,2.08,347,5.140421390533447,1.0,1.5367282629013062,0.0,0.5191996582487136,0.0025988216511905193,1.0,0.0,0.5191996582487136,2.0,1.5367282629013062,,,,
1.07018597,639,1,290,2.12,349,4.186097145080566,1.0,1.5611109733581543,0.0,0.5195039855622258,0.014149756170809269,1.0,0.0,0.5195039855622258,2.0,1.5611109733581543,,,,
1.06066216,640,1,291,2.11,349,4.521624565124512,1.0,1.5927566289901733,0.0,0.5198989420775442,0.011466997675597668,1.0,0.0,0.5198989420775442,2.0,1.5927566289901733,,,,
1.07021772,642,1,292,2.12,350,3.85921573638916,0.0,0.5093669891357422,0.0,0.5063667432259084,0.0051526413299143314,0.0,0.0,0.5063667432259084,1.0,0.5093669891357422,,,,
1.07974153,644,1,293,2.13,351,104.45024871826172,1.0,0.5830923318862915,0.0,0.5072881379178492,0.00042119514546357095,1.0,0.0,0.5072881379178492,2.0,0.5830923318862915,,,,
1.08926534,649,1,294,2.14,352,73.16001892089844,1.0,0.6636719107627869,0.0,0.5082951377152294,0.0023184495512396097,1.0,0.0,0.5082951377152294,2.0,0.6636719107627869,,,,
1.0701224900000001,651,1,295,2.12,353,56.542999267578125,1.0,0.7515081763267517,0.0,0.5093927470862398,0.0006433621165342629,1.0,0.0,0.5093927470862398,2.0,0.7515081763267517,,,,
1.0701224900000001,653,1,296,2.12,354,41.65970993041992,1.0,0.8447257280349731,0.0,0.5105575021829979,0.000737516675144434,1.0,0.0,0.5105575021829979,2.0,0.8447257280349731,,,,
1.0796463,655,1,297,2.13,354,30.808643341064453,1.0,0.941249430179596,0.0,0.5117634467425145,0.0009222207590937614,1.0,0.0,0.5117634467425145,2.0,0.941249430179596,,,,
1.0892018600000002,657,1,298,2.14,355,23.02950668334961,1.0,1.0384955406188965,0.0,0.512978278404868,0.000620528997387737,1.0,0.0,0.512978278404868,2.0,1.0384955406188965,,,,
1.10831297,660,1,299,2.16,356,17.2878475189209,1.0,1.1330994367599487,0.0,0.5141599556266885,0.0026206588372588158,1.0,0.0,0.5141599556266885,2.0,1.1330994367599487,,,,
1.1083129700000003,661,1,300,2.16,357,13.93104362487793,1.0,1.224899411201477,0.0,0.5153064584636337,0.0053227366879582405,1.0,0.0,0.5153064584636337,2.0,1.224899411201477,,,,
1.10831297,663,1,301,2.16,357,10.25349235534668,1.0,1.305261492729187,0.0,0.5163099800207883,0.0038715738337486982,1.0,0.0,0.5163099800207883,2.0,1.305261492729187,,,,
1.0796145600000002,664,1,302,2.13,358,8.825284004211426,1.0,1.380537509918213,0.0,0.5172498701993986,0.006223359610885382,1.0,0.0,0.5172498701993986,2.0,1.380537509918213,,,,
1.07961456,666,1,303,2.13,358,6.811607360839844,1.0,1.440586805343628,0.0,0.5179995535938534,0.0041852788999676704,1.0,0.0,0.5179995535938534,2.0,1.440586805343628,,,,
1.06047171,668,1,304,2.11,359,5.934730529785156,1.0,1.4921491146087646,0.0,0.5186432169660182,0.0026723237242549658,1.0,0.0,0.5186432169660182,2.0,1.4921491146087646,,,,
1.0604717099999998,669,1,305,2.11,359,5.417039394378662,1.0,1.5378223657608032,0.0,0.5192133143543247,0.007451929152011871,1.0,0.0,0.5192133143543247,2.0,1.5378223657608032,,,,
1.08917012,674,1,306,2.14,360,4.165992736816406,1.0,1.5616731643676758,0.0,0.5195110022529712,0.015123296529054642,1.0,0.0,0.5195110022529712,2.0,1.5616731643676758,,,,
1.09875742,677,1,307,2.15,360,4.18204927444458,1.0,1.586467981338501,0.0,0.5198204579966089,0.006254991982132196,1.0,0.0,0.5198204579966089,2.0,1.586467981338501,,,,
1.09875742,679,1,308,2.15,360,4.000500679016113,1.0,1.607675552368164,0.0,0.5200851304767058,0.00266539235599339,1.0,0.0,0.5200851304767058,2.0,1.607675552368164,,,,
1.10831298,681,1,309,2.16,362,3.839171886444092,0.0,0.5139995217323303,0.0,0.5064246404086429,0.002617169637233019,0.0,0.0,0.5064246404086429,1.0,0.5139995217323303,,,,
1.1082812300000002,683,1,310,2.16,363,102.72862243652344,1.0,0.5882561802864075,0.0,0.5073526721866604,0.0003056437708437443,1.0,0.0,0.5073526721866604,2.0,0.5882561802864075,,,,
1.1082812300000002,685,1,311,2.16,365,75.30760955810547,1.0,0.6699059009552002,0.0,0.5083730409427499,0.0005468553863465786,1.0,0.0,0.5083730409427499,2.0,0.6699059009552002,,,,
1.0795828200000002,686,1,312,2.13,366,56.82301712036133,1.0,0.7586458325386047,0.0,0.509481936003449,0.002014037687331438,1.0,0.0,0.509481936003449,2.0,0.7586458325386047,,,,
1.10837647,691,1,313,2.16,369,38.873451232910156,1.0,0.851125955581665,0.0,0.5106374690877383,0.004789829254150391,1.0,0.0,0.5106374690877383,2.0,0.851125955581665,,,,
1.09882091,692,1,314,2.15,370,31.189517974853516,1.0,0.9487332701683044,0.0,0.5118569425495391,0.0031820579897612333,1.0,0.0,0.5118569425495391,2.0,0.9487332701683044,,,,
1.09882091,694,1,315,2.15,372,22.329317092895508,1.0,1.0455700159072876,0.0,0.5130666493596512,0.001448903582058847,1.0,0.0,0.5130666493596512,2.0,1.0455700159072876,,,,
1.09882091,696,1,316,2.15,373,17.051380157470703,1.0,1.1401748657226562,0.0,0.5142483271124016,0.001230153371579945,1.0,0.0,0.5142483271124016,2.0,1.1401748657226562,,,,
1.09882091,698,1,317,2.15,375,13.165245056152344,1.0,1.2294337749481201,0.0,0.5153630846964408,0.001742205466143787,1.0,0.0,0.5153630846964408,2.0,1.2294337749481201,,,,
1.12751932,702,1,318,2.18,378,9.838594436645508,1.0,1.3074724674224854,0.0,0.5163375877469772,0.0045521254651248455,1.0,0.0,0.5163375877469772,2.0,1.3074724674224854,,,,
1.10840821,703,1,319,2.16,378,8.776168823242188,1.0,1.3824634552001953,0.0,0.5172739158214389,0.006843512877821922,1.0,0.0,0.5172739158214389,2.0,1.3824634552001953,,,,
1.13710662,707,1,320,2.19,381,6.4129719734191895,1.0,1.437832236289978,0.0,0.5179651660172939,0.01084066741168499,1.0,0.0,0.5179651660172939,2.0,1.437832236289978,,,,
1.13707487,709,1,321,2.19,383,5.935158729553223,1.0,1.489264726638794,0.0,0.5186072121459191,0.003116660052910447,1.0,0.0,0.5186072121459191,2.0,1.489264726638794,,,,
1.0892653499999998,710,1,322,2.14,384,5.460343360900879,1.0,1.5354739427566528,0.0,0.5191840023468648,0.009009946137666702,1.0,0.0,0.5191840023468648,2.0,1.5354739427566528,,,,
1.07970979,711,1,323,2.13,385,4.628783226013184,1.0,1.5687459707260132,0.0,0.5195992770989284,0.0035131387412548065,1.0,0.0,0.5195992770989284,2.0,1.5687459707260132,,,,
1.08926535,713,1,324,2.14,385,4.254560470581055,1.0,1.5952467918395996,0.0,0.5199300197348973,0.003360405098646879,1.0,0.0,0.5199300197348973,2.0,1.5952467918395996,,,,
1.07970979,714,1,325,2.13,386,4.1259918212890625,1.0,1.619364619255066,0.0,0.520231006320464,0.007969112135469913,1.0,0.0,0.520231006320464,2.0,1.619364619255066,,,,
1.0892336,716,1,326,2.14,386,3.621551990509033,0.0,0.5160325169563293,0.0,0.5064500486366318,0.004787266720086336,0.0,0.0,0.5064500486366318,1.0,0.5160325169563293,,,,
1.0796463,720,1,327,2.13,388,99.58084869384766,1.0,0.5903201699256897,0.0,0.5073784664584075,0.0008161927689798176,1.0,0.0,0.5073784664584075,2.0,0.5903201699256897,,,,
1.08917011,722,1,328,2.14,388,74.75119018554688,1.0,0.6721673607826233,0.0,0.5084013012365064,0.00046773292706348,1.0,0.0,0.5084013012365064,2.0,0.6721673607826233,,,,
1.08920186,724,1,329,2.14,389,55.06700134277344,1.0,0.7606890201568604,0.0,0.5095074666390697,0.0005277676391415298,1.0,0.0,0.5095074666390697,2.0,0.7606890201568604,,,,
1.0796463,725,1,330,2.13,389,41.5822639465332,1.0,0.8550026416778564,0.0,0.5106859056304516,0.0019284612499177456,1.0,0.0,0.5106859056304516,2.0,0.8550026416778564,,,,
1.11796376,731,1,331,2.17,392,29.039365768432617,1.0,0.9508834481239319,0.0,0.5118838046253541,0.005290134344249964,1.0,0.0,0.5118838046253541,2.0,0.9508834481239319,,,,
1.1179637599999999,735,1,332,2.17,394,21.73244857788086,1.0,1.0468908548355103,0.0,0.5130831485561848,0.0031629553996026516,1.0,0.0,0.5130831485561848,2.0,1.0468908548355103,,,,
1.1274875699999998,737,1,333,2.18,395,17.075088500976562,1.0,1.1416807174682617,0.0,0.5142671349535245,0.0012992507545277476,1.0,0.0,0.5142671349535245,2.0,1.1416807174682617,,,,
1.1274875699999998,739,1,334,2.18,395,13.085418701171875,1.0,1.2307157516479492,0.0,0.5153790942605303,0.001724615111015737,1.0,0.0,0.5153790942605303,2.0,1.2307157516479492,,,,
1.13704313,741,1,335,2.19,396,10.34355354309082,1.0,1.312051773071289,0.0,0.5163947677387676,0.0014385462272912264,1.0,0.0,0.5163947677387676,2.0,1.312051773071289,,,,
1.1370113800000001,743,1,336,2.19,396,8.316104888916016,1.0,1.3835391998291016,0.0,0.5172873465673448,0.002183103235438466,1.0,0.0,0.5172873465673448,2.0,1.3835391998291016,,,,
1.13701138,745,1,337,2.19,397,6.916906356811523,1.0,1.4449254274368286,0.0,0.5180537158761288,0.0007534993346780539,1.0,0.0,0.5180537158761288,2.0,1.4449254274368286,,,,
1.13701138,749,1,338,2.19,398,5.52088737487793,1.0,1.49070405960083,0.0,0.5186251788669842,0.006663308013230562,1.0,0.0,0.5186251788669842,2.0,1.49070405960083,,,,
1.1561875299999997,753,1,339,2.21,399,4.967580318450928,1.0,1.5290273427963257,0.0,0.519103537976302,0.005080033093690872,1.0,0.0,0.519103537976302,2.0,1.5290273427963257,,,,
1.15621928,755,1,340,2.21,399,4.684683322906494,1.0,1.563219666481018,0.0,0.5195303040641979,0.0023115132935345173,1.0,0.0,0.5195303040641979,2.0,1.563219666481018,,,,
1.1370764299999998,757,1,341,2.19,400,4.3143815994262695,1.0,1.5908359289169312,0.0,0.5198749713076174,0.0035387601237744093,1.0,0.0,0.5198749713076174,2.0,1.5908359289169312,,,,
1.1371081799999998,759,1,342,2.19,400,3.9990527629852295,0.0,0.5097835063934326,0.0,0.5063719488467538,0.0030704692471772432,0.0,0.0,0.5063719488467538,1.0,0.5097835063934326,,,,
1.13710818,761,1,343,2.19,401,104.85810852050781,1.0,0.5836015343666077,0.0,0.5072945015953078,0.00035381855559535325,1.0,0.0,0.5072945015953078,2.0,0.5836015343666077,,,,
1.1466319900000002,763,1,344,2.2,401,76.88556671142578,1.0,0.6648492813110352,0.0,0.5083098507891908,0.00047417677706107497,1.0,0.0,0.5083098507891908,2.0,0.6648492813110352,,,,
1.1370764299999998,764,1,345,2.19,401,57.86652755737305,1.0,0.7532159686088562,0.0,0.5094140869392502,0.0019265305018052459,1.0,0.0,0.5094140869392502,2.0,0.7532159686088562,,,,
1.1275526200000001,765,1,346,2.18,402,41.55305099487305,1.0,0.8465869426727295,0.0,0.510580756970477,0.0007746325572952628,1.0,0.0,0.510580756970477,2.0,0.8465869426727295,,,,
1.13707643,767,1,347,2.19,402,30.969675064086914,1.0,0.9434815049171448,0.0,0.5117913321965181,0.0008746689418330789,1.0,0.0,0.5117913321965181,2.0,0.9434815049171448,,,,
1.13707643,769,1,348,2.19,402,22.959123611450195,1.0,1.0408509969711304,0.0,0.5130077017271155,0.00099907536059618,1.0,0.0,0.5130077017271155,2.0,1.0408509969711304,,,,
1.16574309,774,1,349,2.22,403,16.494220733642578,1.0,1.1334233283996582,0.0,0.514164001024173,0.0070976270362734795,1.0,0.0,0.514164001024173,2.0,1.1334233283996582,,,,
1.1945534,779,1,350,2.25,408,12.577857971191406,1.0,1.2195584774017334,0.0,0.5152397590846438,0.007517835590988398,1.0,0.0,0.5152397590846438,2.0,1.2195584774017334,,,,
1.15629943,780,1,351,2.21,409,11.060941696166992,1.0,1.3043265342712402,0.0,0.5162983054668344,0.007264120504260063,1.0,0.0,0.5162983054668344,2.0,1.3043265342712402,,,,
1.16585499,782,1,352,2.22,411,8.344461441040039,1.0,1.3756294250488281,0.0,0.5171885919014373,0.0038498907815665007,1.0,0.0,0.5171885919014373,2.0,1.3756294250488281,,,,
1.1658549900000001,784,1,353,2.22,413,7.027346611022949,1.0,1.4378727674484253,0.0,0.5179656720026902,0.002143704332411289,1.0,0.0,0.5179656720026902,2.0,1.4378727674484253,,,,
1.16582324,786,1,354,2.22,416,5.953340530395508,1.0,1.4895763397216797,0.0,0.5186111019138634,0.0018242887454107404,1.0,0.0,0.5186111019138634,2.0,1.4895763397216797,,,,
1.1658232400000001,787,1,355,2.22,417,5.45486307144165,1.0,1.5357331037521362,0.0,0.5191872370896057,0.008538322523236275,1.0,0.0,0.5191872370896057,2.0,1.5357331037521362,,,,
1.15626768,788,1,356,2.21,418,4.66167688369751,1.0,1.5696442127227783,0.0,0.5196104878618582,0.005093634128570557,1.0,0.0,0.5196104878618582,2.0,1.5696442127227783,,,,
1.1658232400000001,790,1,357,2.22,420,4.229605674743652,1.0,1.5956321954727173,0.0,0.5199348296242381,0.0021355862263590097,1.0,0.0,0.5199348296242381,2.0,1.5956321954727173,,,,
1.19452165,795,1,358,2.25,424,3.678086280822754,0.0,0.5088737607002258,0.0,0.5063605788691579,0.012938137166202068,0.0,0.0,0.5063605788691579,1.0,0.5088737607002258,,,,
1.19452165,797,1,359,2.25,427,105.65280151367188,1.0,0.5826212763786316,0.0,0.5072822509740449,0.0005270473775453866,1.0,0.0,0.5072822509740449,2.0,0.5826212763786316,,,,
1.18496609,798,1,360,2.24,428,79.02423095703125,1.0,0.664048433303833,0.0,0.5082998429508447,0.0014959671534597874,1.0,0.0,0.5082998429508447,2.0,0.664048433303833,,,,
1.2136645,802,1,361,2.27,432,53.04512023925781,1.0,0.7508593201637268,0.0,0.5093846392439566,0.012281512841582298,1.0,0.0,0.5093846392439566,2.0,0.7508593201637268,0.08173850178718567,0.0017753068823367357,0.0032,24.98849868774414
1.20410894,803,1,362,2.26,433,42.8441276550293,1.0,0.8446110486984253,0.0,0.510556069330317,0.0025420342572033405,1.0,0.0,0.510556069330317,2.0,0.8446110486984253,,,,
1.1945533799999999,804,1,363,2.25,434,30.73638916015625,1.0,0.9410454034805298,0.0,0.5117608978201176,0.0017583398148417473,1.0,0.0,0.5117608978201176,2.0,0.9410454034805298,,,,
1.18493433,809,1,364,2.24,439,21.603010177612305,1.0,1.0357941389083862,0.0,0.5129445335750099,0.005529706832021475,1.0,0.0,0.5129445335750099,2.0,1.0357941389083862,,,,
1.18493433,811,1,365,2.24,440,17.24250030517578,1.0,1.1300346851348877,0.0,0.5141216768731921,0.0021922194864600897,1.0,0.0,0.5141216768731921,2.0,1.1300346851348877,,,,
1.1561724300000003,813,1,366,2.21,441,13.361783981323242,1.0,1.2193224430084229,0.0,0.5152368113951498,0.0018328347941860557,1.0,0.0,0.5152368113951498,2.0,1.2193224430084229,,,,
1.15617243,814,1,367,2.21,441,11.024592399597168,1.0,1.3038904666900635,0.0,0.5162928604118704,0.006467960774898529,1.0,0.0,0.5162928604118704,2.0,1.3038904666900635,,,,
1.15617243,816,1,368,2.21,441,8.144641876220703,1.0,1.3734444379806519,0.0,0.5171613117893538,0.0037366878241300583,1.0,0.0,0.5171613117893538,2.0,1.3734444379806519,,,,
1.1656962400000002,818,1,369,2.22,443,6.928969860076904,1.0,1.4345121383666992,0.0,0.517923718247352,0.002923519117757678,1.0,0.0,0.517923718247352,2.0,1.4345121383666992,,,,
1.1656962400000002,819,1,370,2.22,445,6.272525787353516,1.0,1.4902738332748413,0.0,0.5186198084979753,0.008001589216291904,1.0,0.0,0.5186198084979753,2.0,1.4902738332748413,,,,
1.15614068,820,1,371,2.21,446,5.134030342102051,1.0,1.531379222869873,0.0,0.5191328934958787,0.0034597038757056,1.0,0.0,0.5191328934958787,2.0,1.531379222869873,,,,
1.1561724300000003,822,1,372,2.21,448,4.593230724334717,1.0,1.5639203786849976,0.0,0.5195390495970325,0.002237283159047365,1.0,0.0,0.5195390495970325,2.0,1.5639203786849976,,,,
1.1656962400000002,824,1,373,2.22,451,4.152797222137451,1.0,1.5881643295288086,0.0,0.5198416289928177,0.003973030485212803,1.0,0.0,0.5198416289928177,2.0,1.5881643295288086,,,,
1.2136962400000002,831,1,374,2.27,456,3.4026012420654297,0.0,0.5041332244873047,0.0,0.506301331666836,0.026922302320599556,0.0,0.0,0.506301331666836,1.0,0.5041332244873047,,,,
1.2232518000000001,833,1,375,2.28,459,105.87528228759766,1.0,0.5772082805633545,0.0,0.5072146027463139,0.0007800250314176083,1.0,0.0,0.5072146027463139,2.0,0.5772082805633545,,,,
1.22328355,835,1,376,2.28,461,77.63494110107422,1.0,0.6576749682426453,0.0,0.5082201963801632,0.0011420422233641148,1.0,0.0,0.5082201963801632,2.0,0.6576749682426453,,,,
1.23280736,837,1,377,2.29,462,57.24799728393555,1.0,0.7449167966842651,0.0,0.5093103836622878,0.001534372684545815,1.0,0.0,0.5093103836622878,2.0,0.7449167966842651,,,,
1.2519502100000002,841,1,378,2.31,464,40.225162506103516,1.0,0.8365299105644226,0.0,0.5104550996986582,0.0018653591396287084,1.0,0.0,0.5104550996986582,2.0,0.8365299105644226,,,,
1.26150577,843,1,379,2.32,465,31.389083862304688,1.0,0.9326509237289429,0.0,0.5116560243627559,0.0024377848021686077,1.0,0.0,0.5116560243627559,2.0,0.9326509237289429,,,,
1.2519184700000001,846,1,380,2.31,467,23.063644409179688,1.0,1.0290521383285522,0.0,0.5128603146858626,0.0023506642319262028,1.0,0.0,0.5128603146858626,2.0,1.0290521383285522,,,,
1.26144228,848,1,381,2.32,467,17.612947463989258,1.0,1.1236519813537598,0.0,0.5140419563598266,0.00250030355527997,1.0,0.0,0.5140419563598266,2.0,1.1236519813537598,,,,
1.26147403,850,1,382,2.32,468,13.522558212280273,1.0,1.2130845785140991,0.0,0.5151589101286578,0.0027045991737395525,1.0,0.0,0.5151589101286578,2.0,1.2130845785140991,,,,
1.28064863,854,1,383,2.34,469,10.138938903808594,1.0,1.2920136451721191,0.0,0.5161445563518067,0.003178509185090661,1.0,0.0,0.5161445563518067,2.0,1.2920136451721191,,,,
1.3093470400000005,858,1,384,2.37,471,8.134537696838379,1.0,1.3608592748641968,0.0,0.5170041808819538,0.003550914116203785,1.0,0.0,0.5170041808819538,2.0,1.3608592748641968,,,,
1.30931529,860,1,385,2.37,472,7.209726333618164,1.0,1.424320101737976,0.0,0.5177964803445798,0.0036962588783353567,1.0,0.0,0.5177964803445798,2.0,1.424320101737976,,,,
1.2806168799999997,862,1,386,2.34,473,6.088458061218262,1.0,1.4773164987564087,0.0,0.5184580644846335,0.0035323475021868944,1.0,0.0,0.5184580644846335,2.0,1.4773164987564087,,,,
1.27109307,863,1,387,2.33,473,5.611102104187012,1.0,1.5253937244415283,0.0,0.5190581838931514,0.010172766633331776,1.0,0.0,0.5190581838931514,2.0,1.5253937244415283,,,,
1.27106132,865,1,388,2.33,474,4.592622756958008,1.0,1.5577903985977173,0.0,0.5194625414018474,0.005534246098250151,1.0,0.0,0.5194625414018474,2.0,1.5577903985977173,,,,
1.2710930700000003,867,1,389,2.33,476,4.31163215637207,1.0,1.5852735042572021,0.0,0.5198055504779996,0.0025669673923403025,1.0,0.0,0.5198055504779996,2.0,1.5852735042572021,,,,
1.24224054,869,1,390,2.3,477,3.9759721755981445,0.0,0.5078327059745789,0.0,0.5063475677866781,0.0014248007209971547,0.0,0.0,0.5063475677866781,1.0,0.5078327059745789,,,,
1.31881197,878,1,391,2.38,481,103.41221618652344,1.0,0.5812498927116394,0.0,0.5072651123059608,0.0022234453354030848,1.0,0.0,0.5072651123059608,2.0,0.5812498927116394,,,,
1.3379548200000002,882,1,392,2.4,483,74.0595932006836,1.0,0.6617264151573181,0.0,0.5082708256939732,0.0006414780509658158,1.0,0.0,0.5082708256939732,2.0,0.6617264151573181,,,,
1.3571294200000004,886,1,393,2.42,484,54.3907585144043,1.0,0.7486697435379028,0.0,0.5093572791500106,0.001494435011409223,1.0,0.0,0.5093572791500106,2.0,0.7486697435379028,,,,
1.32846276,888,1,394,2.39,485,41.63455581665039,1.0,0.8415218591690063,0.0,0.5105174716098552,0.0006490116938948631,1.0,0.0,0.5105174716098552,2.0,0.8415218591690063,,,,
1.3189072000000002,889,1,395,2.38,486,32.033748626708984,1.0,0.9388046264648438,0.0,0.5117329035676336,0.0031442688778042793,1.0,0.0,0.5117329035676336,2.0,0.9388046264648438,,,,
1.3189072000000002,891,1,396,2.38,487,22.53740692138672,1.0,1.0349810123443604,0.0,0.5129343763000284,0.002351222326979041,1.0,0.0,0.5129343763000284,2.0,1.0349810123443604,,,,
1.3189072,893,1,397,2.38,488,17.458728790283203,1.0,1.1297276020050049,0.0,0.5141178413951899,0.0010641495464369655,1.0,0.0,0.5141178413951899,2.0,1.1297276020050049,,,,
1.3477008499999998,898,1,398,2.41,490,12.555595397949219,1.0,1.2154899835586548,0.0,0.5151889499997021,0.009019148536026478,1.0,0.0,0.5151889499997021,2.0,1.2154899835586548,,,,
1.3572881500000002,902,1,399,2.42,492,9.816229820251465,1.0,1.2924751043319702,0.0,0.5161503185752677,0.0058418321423232555,1.0,0.0,0.5161503185752677,2.0,1.2924751043319702,,,,
1.3668437100000004,904,1,400,2.43,494,8.629868507385254,1.0,1.3654606342315674,0.0,0.5170616311266893,0.0018637519096955657,1.0,0.0,0.5170616311266893,2.0,1.3654606342315674,,,,
1.3668437100000004,906,1,401,2.43,495,7.074418067932129,1.0,1.427732229232788,0.0,0.5178390777752786,0.0020785052329301834,1.0,0.0,0.5178390777752786,2.0,1.427732229232788,,,,
1.36684371,907,1,402,2.43,496,6.388220310211182,1.0,1.484632968902588,0.0,0.51854939510762,0.009718355722725391,1.0,0.0,0.51854939510762,2.0,1.484632968902588,,,,
1.36684371,909,1,403,2.43,498,5.016326904296875,1.0,1.5235906839370728,0.0,0.5190356785927052,0.005786150693893433,1.0,0.0,0.5190356785927052,2.0,1.5235906839370728,,,,
1.36681196,911,1,404,2.43,498,4.639732360839844,1.0,1.5568383932113647,0.0,0.5194506593540431,0.0031328711193054914,1.0,0.0,0.5194506593540431,2.0,1.5568383932113647,,,,
1.36681196,912,1,405,2.43,499,4.549605369567871,1.0,1.5889867544174194,0.0,0.5198518931065166,0.009467614814639091,1.0,0.0,0.5198518931065166,2.0,1.5889867544174194,,,,
1.3381452999999999,914,1,406,2.4,501,3.781101703643799,0.0,0.5075769424438477,0.0,0.5063443712575408,0.005447068717330694,0.0,0.0,0.5063443712575408,1.0,0.5075769424438477,,,,
1.3190341900000002,915,1,407,2.38,502,108.04420471191406,1.0,0.5813131928443909,0.0,0.5072659033905471,0.0011102487333118916,1.0,0.0,0.5072659033905471,2.0,0.5813131928443909,,,,
1.3190341900000002,917,1,408,2.38,504,74.98155212402344,1.0,0.6619471311569214,0.0,0.5082735838887953,0.0007640576222911477,1.0,0.0,0.5082735838887953,2.0,0.6619471311569214,,,,
1.3190341900000002,919,1,409,2.38,506,56.183258056640625,1.0,0.7494521141052246,0.0,0.5093670553533559,0.0006810256163589656,1.0,0.0,0.5093670553533559,2.0,0.7494521141052246,,,,
1.30951038,920,1,410,2.37,508,43.043704986572266,1.0,0.8431305289268494,0.0,0.5105375710674862,0.002336647128686309,1.0,0.0,0.5105375710674862,2.0,0.8431305289268494,,,,
1.30951038,922,1,411,2.37,511,29.95482635498047,1.0,0.9386276602745056,0.0,0.5117306927080922,0.002181190764531493,1.0,0.0,0.5117306927080922,2.0,0.9386276602745056,,,,
1.3382087900000001,926,1,412,2.4,515,21.803016662597656,1.0,1.033506989479065,0.0,0.5129159633267283,0.003423087764531374,1.0,0.0,0.5129159633267283,2.0,1.033506989479065,,,,
1.30944689,928,1,413,2.37,517,17.4146671295166,1.0,1.1280020475387573,0.0,0.5140962891344336,0.0019655085634440184,1.0,0.0,0.5140962891344336,2.0,1.1280020475387573,,,,
1.3381453,932,1,414,2.4,521,12.632014274597168,1.0,1.2140111923217773,0.0,0.5151704821466766,0.004979969002306461,1.0,0.0,0.5151704821466766,2.0,1.2140111923217773,,,,
1.33811355,934,1,415,2.4,524,10.608844757080078,1.0,1.2958353757858276,0.0,0.5161922780310374,0.0020816049072891474,1.0,0.0,0.5161922780310374,2.0,1.2958353757858276,,,,
1.3285897400000004,935,1,416,2.39,526,9.01414680480957,1.0,1.3720009326934814,0.0,0.5171432892073309,0.0073068272322416306,1.0,0.0,0.5171432892073309,2.0,1.3720009326934814,,,,
1.3286214900000002,937,1,417,2.39,529,6.765797138214111,1.0,1.4311590194702148,0.0,0.5178818579965476,0.004619833081960678,1.0,0.0,0.5178818579965476,2.0,1.4311590194702148,,,,
1.3094468900000005,939,1,418,2.37,532,5.93509578704834,1.0,1.4823764562606812,0.0,0.5185212274617256,0.002953099086880684,1.0,0.0,0.5185212274617256,2.0,1.4823764562606812,,,,
1.3190024500000002,941,1,419,2.38,535,5.1971025466918945,1.0,1.5242942571640015,0.0,0.5190444605049238,0.00409284420311451,1.0,0.0,0.5190444605049238,2.0,1.5242942571640015,,,,
1.29982785,943,1,420,2.36,538,4.643434524536133,1.0,1.5576367378234863,0.0,0.519460623552145,0.0010673442156985402,1.0,0.0,0.519460623552145,2.0,1.5576367378234863,,,,
1.29982785,945,1,421,2.36,541,4.210387229919434,1.0,1.583021640777588,0.0,0.5197774462876419,0.002496978035196662,1.0,0.0,0.5197774462876419,2.0,1.583021640777588,,,,
1.3093834100000001,947,1,422,2.37,543,3.9639861583709717,0.0,0.5070357918739319,0.0,0.5063376079633501,0.0007643284043297172,0.0,0.0,0.5063376079633501,1.0,0.5070357918739319,,,,
1.31893897,949,1,423,2.38,546,104.55628967285156,1.0,0.5804327130317688,0.0,0.5072548997135454,0.0001436039456166327,1.0,0.0,0.5072548997135454,2.0,0.5804327130317688,,,,
1.31890722,951,1,424,2.38,548,76.506103515625,1.0,0.6611835360527039,0.0,0.5082640415604673,0.0001636207161936909,1.0,0.0,0.5082640415604673,2.0,0.6611835360527039,,,,
1.3284310300000002,953,1,425,2.39,550,56.153472900390625,1.0,0.7485803961753845,0.0,0.5093561626990893,0.0003236975462641567,1.0,0.0,0.5093561626990893,2.0,0.7485803961753845,,,,
1.31890722,954,1,426,2.38,551,43.17472839355469,1.0,0.8422120809555054,0.0,0.5105260955615349,0.0029663003515452147,1.0,0.0,0.5105260955615349,2.0,0.8422120809555054,,,,
1.3284945200000005,959,1,427,2.39,556,28.377058029174805,1.0,0.9358907341957092,0.0,0.5116964999085747,0.008056816644966602,1.0,0.0,0.5116964999085747,2.0,0.9358907341957092,,,,
1.3284945200000002,961,1,428,2.39,558,23.01780891418457,1.0,1.032568097114563,0.0,0.5129042349964631,0.0013057906180620193,1.0,0.0,0.5129042349964631,2.0,1.032568097114563,,,,
1.31893896,962,1,429,2.38,559,18.299835205078125,1.0,1.1292181015014648,0.0,0.5141114777141224,0.005518289282917976,1.0,0.0,0.5141114777141224,2.0,1.1292181015014648,,,,
1.3284945200000002,964,1,430,2.39,562,13.036259651184082,1.0,1.2170721292495728,0.0,0.5152087085467043,0.00279539474286139,1.0,0.0,0.5152087085467043,2.0,1.2170721292495728,,,,
1.29014531,966,1,431,2.35,564,10.532873153686523,1.0,1.2986563444137573,0.0,0.5162275030769082,0.0015501410234719515,1.0,0.0,0.5162275030769082,2.0,1.2986563444137573,,,,
1.29014531,970,1,432,2.35,568,7.848019599914551,1.0,1.3652898073196411,0.0,0.5170594982763589,0.007608707062900066,1.0,0.0,0.5170594982763589,2.0,1.3652898073196411,,,,
1.3093199100000001,974,1,433,2.37,571,6.557497024536133,1.0,1.4218041896820068,0.0,0.5177650712149235,0.005223417654633522,1.0,0.0,0.5177650712149235,2.0,1.4218041896820068,,,,
1.3093516600000001,976,1,434,2.37,573,6.15923547744751,1.0,1.4756261110305786,0.0,0.5184369634009213,0.0037724371068179607,1.0,0.0,0.5184369634009213,2.0,1.4756261110305786,,,,
1.2997961,977,1,435,2.36,574,5.63715934753418,1.0,1.524011254310608,0.0,0.5190409281004407,0.010648400522768497,1.0,0.0,0.5190409281004407,2.0,1.524011254310608,,,,
1.29027229,978,1,436,2.35,576,4.690968990325928,1.0,1.5581985712051392,0.0,0.5194676358268208,0.003735884092748165,1.0,0.0,0.5194676358268208,2.0,1.5581985712051392,,,,
1.28071673,979,1,437,2.34,577,4.532766342163086,1.0,1.5900607109069824,0.0,0.5198652963861581,0.009122144430875778,1.0,0.0,0.5198652963861581,2.0,1.5900607109069824,,,,
1.26157388,981,1,438,2.32,581,3.7665021419525146,0.0,0.5078030824661255,0.0,0.5063471975524978,0.006276021711528301,0.0,0.0,0.5063471975524978,1.0,0.5078030824661255,,,,
1.23284217,982,1,439,2.29,583,107.93448638916016,1.0,0.5815643668174744,0.0,0.5072690424019084,0.0011004919651895761,1.0,0.0,0.5072690424019084,2.0,0.5815643668174744,,,,
1.23284217,984,1,440,2.29,587,74.93997192382812,1.0,0.6622276306152344,0.0,0.5082770891715773,0.0007847232045605779,1.0,0.0,0.5082770891715773,2.0,0.6622276306152344,,,,
1.23284217,986,1,441,2.29,591,56.0290412902832,1.0,0.7497249841690063,0.0,0.5093704650316129,0.0006334105273708701,1.0,0.0,0.5093704650316129,2.0,0.7497249841690063,,,,
1.2232866100000002,987,1,442,2.28,593,43.00432586669922,1.0,0.8434178233146667,0.0,0.5105411606517263,0.002318300772458315,1.0,0.0,0.5105411606517263,2.0,0.8434178233146667,,,,
1.2232866100000002,989,1,443,2.28,601,29.817115783691406,1.0,0.9388112425804138,0.0,0.5117329862235389,0.0019545217510312796,1.0,0.0,0.5117329862235389,2.0,0.9388112425804138,,,,
1.24246121,993,1,444,2.3,623,21.537662506103516,1.0,1.033225417137146,0.0,0.5129124460204394,0.004854693077504635,1.0,0.0,0.5129124460204394,2.0,1.033225417137146,,,,
1.25198502,995,1,445,2.31,627,17.40601348876953,1.0,1.1276657581329346,0.0,0.5140920888569909,0.00196074228733778,1.0,0.0,0.5140920888569909,2.0,1.1276657581329346,,,,
1.2615405800000001,997,1,446,2.32,631,13.415140151977539,1.0,1.2169831991195679,0.0,0.5152075979485025,0.00130069546867162,1.0,0.0,0.5152075979485025,2.0,1.2169831991195679,,,,
1.2615405800000001,999,1,447,2.32,633,10.49505615234375,1.0,1.2983310222625732,0.0,0.5162234408323305,0.0017362261423841119,1.0,0.0,0.5162234408323305,2.0,1.2983310222625732,,,,
